﻿Tipo|Medio General|Medio Específico|Título|Resumen|Fecha Emisión|Valorización|Cm2|Duración|Página|Personajes|Candidatos 2016|Tono|Mes Emisión
Medio Impreso|Perú 21|Perú 21|Los que no tienen plata también juegan - Carlos Basombrío Iglesias|En mi opinión, estos cuatro meses de la primera etapa de la campaña quedan teñidos por un vicio muy grave, que está alterando las condiciones mininas de igualdad para una contienda electoral. Me refiero al abuso del poder del dino para hacer campaña política encubierta usando los dineros de una universidad. (...) Hasta donde llego a saber, hay otros 12 candidatos presidenciales. ¿Cómo van a lograr que sus propuestas lleguen con efectividad y equidad si hay tal distorsión en la capacidad económica de hacer publicidad? Y, ojo, más allá de simpatías o mías, hay muchas candidaturas importantes que hoy están con 2% o menos. Se puede discrepar o coincidir con cada uno de ellos, pero es importante que se escuchen, también, las voces de Mendoza, Barnechea, Belmont, Flores-Aráoz, Reggiardo, Simon, Hilario y Guzmán.|20/12/2015|2902.34|247.02|0|5|Carlos Miguel Ramón Basombrío Iglesias|Alfredo Barnechea García|Positivo|2015-12
Web|Exitosa|exitosadiario.pe|Villarán participará en elecciones: ""Quiero evitar que el fujimorismo regrese""|La exalcaldesa de Lima, Susana Villarán, anunció hoy que ha decidido participar en las próximas elecciones generales. Detalló que está en conversaciones con varios partidos políticos.. .A través de su página en Facebook, Villarán adelantó que hará todo lo que esté en sus manos para evitar que la candidata Keiko Fujimori llegue a ser presidenta de la República. “Pondré mi energía, mi pasión, mi vida, mi chalina verde de la esperanza en ese empeño”, puntualizó. Villarán, quien hace unos días renunció a Fuerza Social, reveló que ya ha conversado con los líderes políticos César Acuña, Pedro Pablo Kuczynski, Alfredo Barrenechea, Ántero Flores-Aráoz y Yehude Simon. Precisó que hoy hará lo propio con Julio Guzmán.|12/12/2015|71.5||0||Susana María del Carmen Villarán de la Puente|Alfredo Barnechea García|Neutro|2015-12
Radio|Radio San Borja|Agenda Central|Entrevista al congresista Víctor Andrés García Belaunde (San Borja)|Despacho desde el Congreso. Tras conocerse la alianza entre el PPC y el APRA, el congresista Víctor Andrés García Belaunde señaló que las sumas y restas se verán cuando el vínculo se concrete. Con respecto a Acción Popular, aseveró que el candidato más fuerte para ganar las elecciones internas es el señor Barrenechea.|11/12/2015|171.2||160||Víctor Andrés García Belaúnde|Alfredo Barnechea García|Positivo|2015-12
Radio|Radio San Borja|San Borja Noticias -Tarde |Declaraciones del legislador de Acción Popular Yonhy Lescano (San Borja)|Enlace telefónico. El congresista de Acción Popular, Yonhy Lescano, precisó que la Universidad San Martín de Porres y la Universidad César Vallejo, que pertenece a César Acuña, han anunciado que subirán el costo de las matrículas el próximo año. Añadió que la nueva Ley Universitaria ha legalizado el lucro en la educación superior. La Superintendencia Nacional de Educación Superior Universitaria debería encargarse de fiscalizar el cobro de pensiones que realizan las universidades, afirmó Lescano. Agregó que el fujimorismo estaría apoyado por la Universidad Peruana de Ciencias Aplicadas. En otro momento, anunció que apoyará al candidato presidencial de Acción Popular Alfredo Barnechea.|29/12/2015|802.5||750||Yonhy Lescano Ancieta|Alfredo Barnechea García|Positivo|2015-12
Web|Canal N|canaln.pe|Susana Villarán confirmó su participación en las elecciones del 2016|Susana Villarán, anunció su participación en las elecciones generales del 2016. A través de su cuenta de Facebook manifestó que pese a que había decidio lo contrario, lo hará ante la posible llegada del fujimorismo a la presidencia de la República. (...)No obstante, Susana Villarán no precisó con qué partido político participará en los comicios, sin embargo, dijo que ha conversado con líderes como César Acuña, Pedro Pablo Kuczynski, Ántero Flores Aráoz, Yehude Simon y Alfredo Barrenechea.|12/12/2015|104||0||Susana María del Carmen Villarán de la Puente|Alfredo Barnechea García|Neutro|2015-12
Medio Impreso|El Comercio|El Comercio Cuerpo A|Las fórmulas del 2016 - Hugo Guerra|Quisiera celebrar el advenimiento del nuevo año con optimismo, pero cuando analizo la política nacional solo puedo avizorar el 2016 con recelo. La campaña electoral, hasta este punto, es un desastre , con pocas excepciones. La falta de consistencia ideológica , organización y trayectoria de la mayor parte de instituciones participantes (increíblemente 19 fórmulas) ratifica que prácticamente carecemos de partidos políticos , pero abundan los clubes electorales oportunistas que se aprestan no a tomar el poder , sino a asaltar el Estado. (...) Así, solo quedan tres opciones razonables: PPK ofrece una alternativa interesante y viable, pese a la presencia de gente de tercer nivel en su lista. Keiko Fujimori es también atendible porque, aunque cueste decirlo, ella no es lo mismo que su corrupto padre.|28/12/2015|2981.55|325.64|0|16|Hugo Guerra Arteaga|Alfredo Barnechea García|Neutro|2015-12
Web|Correo|diariocorreo.pe|¿Usted entiende esto? - Juan Carlos Valdivia|Con Nadine trabajaron por un tiempo Verónica Mendoza y Sergio Tejada que se han reunido con Marisa Glave y otros exregidores de Villarán para impulsar un proyecto de izquierda...De Villarán también fue socio Vladimiro Huaroc en Fuerza Social (fundada por el primero, pero que se la quedo la segunda). Hoy Huaroc es candidato a la vicepresidencia por el fujimorismo. Huaroc ha sido funcionario de este gobierno en la PCM, donde compartió labores con Julio Guzmán, también exfuncionario de este gobierno y autodenominado “outsider”. Otra socia de Villarán ha sido Anel Townsend, quien ahora es candidata con Acuña.|23/12/2015|702.1||0||Juan Carlos Valdivia|Alfredo Barnechea García|Neutro|2015-12
Medio Impreso|Trome|Trome|Villarán en reuniones|La exalcaldesa de Lima, Susana Villarán, quien hace días renunció a Fuerza Social, partido que ella misma fundó, aseguró que de todas maneras participará en las elecciones del próximo año con su chalina verde para ""evitar que el fujimontesinismo regrese"". Afirmó que por eso se ha reunido con César Acuña, Pedro Pablo Kuczynski, Alfredo Barnechea, Antero Flores-Aráoz, Yehude Simon, y líderes de Izquierda. Anunció que luego lo hará con Julio Guzmán. Dijo que su decisión la dará a conocer oportunamente.|13/12/2015|1209.63|55.99|0|10|Susana María del Carmen Villarán de la Puente|Alfredo Barnechea García|Neutro|2015-12
Radio|Exitosa|Juan Carlos Tafur en Exitosa|Análisis de la situación política – electoral por Pedro Tenorio (Exitosa)|Entrevista. El periodista y analista político Pedro Tenorio dio un balance de la situación política – electoral. En primer lugar, sostuvo que la decisión de Keiko Fujimori no ha sido improvista, sino que formaría parte de una estrategia electoral. Asimismo, hizo referencia a la militancia de Luisa María Cuculiza, Martha Chávez y Alejandro Aguinaga avocado a su padre, Alberto Fujimori. En ese aspecto, hizo comparación de la percepción de sectores C y D a candidatos como PPK o Alan García, en este último – agregó – le haría falta la construcción de una imagen menos tradicional. Más adelante, puntualizó que César Acuña tendría un 8% de aceptación (y no 25%) y no descartó que Julio Guzmán o Alfredo Barrenechea llamen la atención de la población. Finalmente, Tenorio hizo énfasis en la continuidad de reformas de diversos sectores y apreciar la situación de la economía nacional. No desmereció el reconocimiento de Pedro Chlimper, Martín Vizcarra o Lourdes Flores sobre temas nacionales o la necesidad de función de un sistema de economía abierta y sancionar irregularidades; recordó el caso de concertación de precios entre dos conocidas papeleras y falta de pronunciamiento de la Confiep o empresarios.|30/12/2015|3124.17||1653||Pedro Tenorio Narváez|Alfredo Barnechea García|Neutro|2015-12
Medio Impreso|Del País|Del País|Lluvia de candidatos - Jimmy Torres C.|No cabe duda que nuestro país es muy rico, pero muy rico. Hay mucho dinero y eso se demuestra por la gran cantidad de candidatos presidenciales. La pugna por llegar al sillón de Pizarro es intensa y todo vale. Pero, habrá que preguntarse todos los candidatos e integrantes de su plancha si tiene vocación de servicio al Estado o es la simple enfermedad de saciar el apetito de poder. Entre los que postulan la gran mayoría ya ocupo cargos, saben lo que es estar con automóvil, chofer, seguridad, gastos de representación y una vida artificial .Lo que si causa gracia es la plancha presidencial que lideraran Alfredo Barnechea, Fernando Olivera, Daniel Urresti, Yehude Simón, Alejandro Toledo y de Hernando Guerra García.|21/12/2015|933.3|255.67|0|2|Jimmy Torres Carrasco|Alfredo Barnechea García|Negativo|2015-12
Radio|RPP|Ampliación de Noticias|Mesías Guevara dialoga sobre elecciones internas en Acción Popular (RPP)|Entrevista. El presidente de Acción Popular, Mesías Guevara, señaló que el mensaje dado por los candidatos que participaron en la CADE ha sido dirigido al tema macroeconómico y muy poco se habló de la microeconomía. En otro momento, indicó que su partido ha tomado decisión de ir solos en las próximas elecciones. Recalcó que la organización del proceso electoral en Acción Popular estará a cargo de la ONPE. Informó que los precandidatos de su partido son: Alfredo Barnechea, Beatriz Mejía, Jano Montoya y su persona. Mesías Guevara sostuvo que son distintos a Keiko Fujimori, Alan García, Alejandro Toledo, César Acuña y Pedro Pablo Kuczynski.|09/12/2015|5863||533||Mesias Antonio Guevara Amasifuén|Alfredo Barnechea García|Neutro|2015-12
Medio Impreso|La República|La República|Paco Belaunde apoya a Alfredo Barrenechea|Francisco Belaunde, hermano deI ex presidente Fernando Belaúnde Terry, apoyó a Alfredo Barnechea, precandidato de Acción Popular que tienta mañana la posibilidad de representar al partido el 2016.|12/12/2015|297.12|61.4|0|10|Francisco Belaunde Matossian|Alfredo Barnechea García|Positivo|2015-12
Web|Exitosa|exitosadiario.pe|Diez Canseco: ""Falta de experiencia podría jugarle mala pasada a Keiko""|Entrevista. Raúl Diez Canseco, ex vicepresidente. (...) ¿Qué valora más en la candidatura de PPK?.A él le sobra experiencia además de ser un hombre honrado. Fue ministro de Belaunde y no creo que tenga problemas por la edad ya que en el mundo la esperanza de vida es de 88 años.. .¿Y César Acuña de Alianza para el Progreso?.Es una revelación porque es alguien que vino de abajo. Sin embargo, tiene que convencer y mostrar un buen equipo. Estas elecciones serán diferentes a las del pasado porque hay tres millones de electores nuevos que quieren conocer propuestas.|09/12/2015|71.5||0||Raúl Diez Canseco Terry|Alfredo Barnechea García|Positivo|2015-12
Radio|Radio Nacional|Nacional en la Noticia|Entrevista al parlamentario Yonhy Lescano (Nacional)|Entrevista. El congresista de Acción Popular, Yonhy Lescano, señaló que la política se está desnaturalizando por culpa de los intereses personales, en referencia a algunas planchas presidenciales formadas de cara a las elecciones del 2016. En ese sentido, destacó que su partido no ha suscrito alguna alianza electoral y agregó que como militante impulsará la campaña de Alfredo Barnechea, candidato a la presidencia por el acciopopoulismo. De otro lado, Lescano analizó las coaliciones políticas y criticó la poca consistencia de la unión entre el APRA y el Partido Popular Cristiano. Asimismo, refirió a la plancha presidencial del partido Fuerza Popular, en esa línea, instó a la población a analizar bien por quien votarán para evitar los errores pasados. Lescano añadió que Acción Popular ya eligió a la lista parlamentaria para el 2016, remarcando que la ONPE ha supervisado la validez de los comicios internos.|21/12/2015|1694.94||1599||Yonhy Lescano Ancieta|Alfredo Barnechea García|Positivo|2015-12
Medio Impreso|Correo|Correo|¿Usted entiende esto? - Juan Carlos Valdivia|Daniel Urresti era militar en actividad cuando fueron presidentes Alan García y Alberto Fujimori. Es durante el gobierno de García que a Urresti se le acusó de asesinar al periodista Hugo Bustíos. La señora Villarán -quien en su momento fue secretaria de la Comisión Nacional de Derechos Humanos- dice ser periodista, ha sido alcaldesa de Lima y ahora es candidata con Urresti. Villarán compartía asesoras con Nadine Heredia –jefa del partido de Urresti y Villarán-, las que almorzaban en Palacio y tomaban café en el Palacio Municipal. Con Nadine trabajaron por un tiempo Verónica Mendoza y Sergio Tejada que se han reunido con Marisa Glave y otros exregidores de Villarán para impulsar un proyecto de izquierda. De Villarán también fue socio Vladimiro Huaroc en Fuerza Social (fundada por el primero, pero que se la quedo la segunda). Hoy Huaroc es candidato a la vicepresidencia por el fujimorismo. Huaroc ha sido funcionario de este gobierno en la PCM, donde compartió labores con Julio Guzmán, también exfuncionario de este gobierno y autodenominado “outsider”. Otra socia de Villarán ha sido Anel Townsend, quien ahora es candidata con Acuña; PPK ha sido premier de Toledo.|23/12/2015|1252.88|131.5|0|11|Juan Carlos Valdivia|Alfredo Barnechea García|Neutro|2015-12
Web|Andina|andina.com.pe|Acuña: No hemos conversado con Susana Villarán sobre su incorporación|El candidato presidencial de Alianza para el Progreso, César Acuña, descartó hoy una eventual incorporación de la exalcaldesa de Lima, Susana Villarán a su agrupación política las elecciones generales de 2016...""Susana Villarán es una mujer que tiene toda nuestra estima y respeto pero no hemos conversado sobre su eventual incorporación, o sea esos son solo rumores que no corresponden"", precisó...(...) Hoy, la exburgomaestre que renunció a su partido Fuerza Social, indicó que participará en las elecciones de 2016, aún cuando había señalado, tras superar la revocatoria, que no se presentaría a ningún cargo de elección popular...A través de sus redes sociales, reveló que cambió de decisión ante la posibilidad de que el fujimorismo vuelva a ser gobierno...En ese proceso, indicó, que había conversado con César Acuña, con Pedro Pablo Kuczynski, Alfredo Barnechea, Ántero Flores-Aráoz, Yehude Simon, con Julio Guzmán y líderes y lideresas de izquierda.|13/12/2015|98.6||0||Susana María del Carmen Villarán de la Puente|Alfredo Barnechea García|Neutro|2015-12
Medio Impreso|El Chino|El Chino|Villarán dice que conversa con Acuña y PPK|La exalcaldesa de Lima Susana Villarán aseguró que ""participará en las elecciones"" del próximo año para ""evitar que el fujimontesinismo, ahora encarnado en Keiko Fujimori, regrese al poder"", Villarán informó que ha conversado con César Acuña y Pedro Pablo Kuczynski (PPK), entre otros candidatos presidenciales, pero aún no ha tomado una decisión, ""Con qué agrupación iré? Algunos de mis interlocutores en estas conversaciones me han invitado a acompañarlos"", agregó,|13/12/2015|465.01|98.43|0|5|Susana María del Carmen Villarán de la Puente|Alfredo Barnechea García|Neutro|2015-12
Medio Impreso|Diario Uno|Diario Uno|El voto inesperado - César Lévano|La encuestadora lmasen halló una sorpresa en su sondeo llevado a cabo entre el 26 de noviembre y el 1 de diciembre. A la pregunta: ¿usted votaría por alguien de izquierda para la presidencia de la República?"", 7.2 por ciento respondió: ""definitivamente sí"", y 19.5 declaró: ""probablemente sí"". En suma, un potencial 26.7 por ciento (...) Por lo demás, Imasen confirma en sus puestos a los candidatos favoritos de la Conferencia Anual de Empresarios (CADE). Keiko Fujimori está en la punta, con 33.2 por ciento. Le siguen PPK, con 15.4; César Acuña, con 10.9 y Alan García, con 8.6. Alejandro Toledo obtuvo 4.6 y Verónika Mendoza 2.0. En la lista que, bajo el rubro de otros, cosecha colectivamente 2.8 por ciento figuran Ántero Flores-Aráoz, Romulo Mucho, Miguel Hilario, Renzo Reggiardo, Julio Guzmán, Alfredo Barnechea, José Luna, Gonzalo García, Nono Guerra Garcia, Ricardo Belmont y Hernando de Soto|04/12/2015|2339.75|245.78|0|2|César Lévano|Alfredo Barnechea García|Neutro|2015-12
Web|Perú 21|peru21.pe|Apuntes electorales antes del CADE - Alfredo Ferrero|Las encuestas son foto de hoy y están lejos de definir aún el resultado de abril 10. A partir de esa fecha solo quedarán 2 y es otro partido donde las alianzas con los perdedores y el endose electoral tienen importancia. Keiko es la favorita pero todavía hay tela que cortar, aún no muestra planes ni equipo técnico. Alan debe subir su porcentaje actual, acostumbrado a venir de atrás, ha tenido un traspié con el Plan Bicentenario; Verónika Mendoza debe mejorar ese magro 2% y veremos si “las izquierdas se unen”; ¿Acuña seguirá subiendo y pasará al segundo lugar?; Toledo, en su alianza con el nacionalismo, ¿cuánto suma? o con Acción Popular, que parece va con Barnechea como presidente; PPK llegará al 20%, parece estancado y otros dicen que está bajando.|06/12/2015|1874.83|138.4|0||Alfredo Ferrero Diez-Canseco|Alfredo Barnechea García|Neutro|2015-12
Medio Impreso|Correo|Correo|Cuestión de edad|Después de que cuestionara a PPK por su avanzada edad, ""Vitocho"" García Belaunde le tiró flores a Barnechea, precandidato de AP, de quien dijo, con sus 60 años, es ""relativamente joven"".|03/12/2015|162.58|17.42|0|4|Víctor Andrés García Belaúnde|Alfredo Barnechea García|Positivo|2015-12
Radio|Radio Nacional|Nacional en la Noticia|Entrevista a congresista Víctor Andrés García (Nacional)|Entrevista. Tras conocerse que el asesor brasileño, Julio Favre, forma parte de la campaña del líder de Alianza Para el Progreso, César Acuña, los conductores de “Nacional en la Noticia”, criticaron las excesivas inversiones en proselitismo, asimismo, refirieron al posicionamiento de la campaña de APP, el cual no está relacionado a un buen discurso, si no a enfocarse en los gustos del pueblo. En ese sentido, el congresista Víctor Andrés García Belaunde consideró que las encuestas están despuntando a Acuña puesto que el resto de candidatos no cumplen con los requisitos necesarios, no obstante, destacó la posición de Keiko Fujimori quien difícilmente será superada en las encuestas, asimismo, agregó que el candidato de Acción Popular, -probablemente Alfredo Barnechea-, llegará a modificar el actual panorama electoral.|09/12/2015|1301.68||1228||Víctor Andrés García Belaúnde|Alfredo Barnechea García|Positivo|2015-12
Televisión|Willax|Desayunos de Correo |Entrevista al congresista Víctor Andrés García Belaunde (Willax)|Entrevista. El congresista Víctor Andrés García Belaunde, presidente de la Subcomisión de Acusaciones Constitucionales, se pronunció sobre el proceso que se le sigue al expresidente Alan García, así como de los exfiscales José Peláez y Carlos Ramos Heredia. De otro lado, comentó que no será candidato presidencial por Acción Popular. Adelantó que el candidato podría ser Alfredo Barnechea de quien dijo dejará en alto el nombre del partido y se lucirá en debates con Keiko Fujimori o con César Acuña de realizarse estos.|01/12/2015|8440||1055||Víctor Andrés García Belaúnde|Alfredo Barnechea García|Positivo|2015-12
Medio Impreso|La República|La República|Perú Wars: El Despertar a la Fuerza - Marco Sifuentes|¿Ya pasaron las náuseas, Perú? ¿O todavía seguimos contemplando con estupor ese chocolateo de lealtades, ese festival de traiciones, esa radiografía del subdesarrollo también conocida como la lista de las 17 planchas de candidatos a la presidencia y vicepresidencia de nuestro país? Más allá del gravol, veamos algunas conclusiones en borrador. –Algo inédito: hasta los pitufos son parte del elenco estable. No hay (casi) pitufos desconocidos. Belmont, Yehude, Nano, Ántero, Goyo, Barnechea o Urresti son personajes que tranquilamente podrían obtener 2%. No les serviría, por supuesto, para pasar la valla del 5%. Así, la mayor amenaza para Keiko Fujimori, en la primera vuelta, no se encuentra en ninguno de los otros 16 candidatos. Estos saben que 1) no tienen forma de desplazarla y 2) les convendría más jugar a ser el mal menor ante Keiko en la segunda vuelta.|23/12/2015|2452.21|292.79|0|5|Marcos Sifuentes|Alfredo Barnechea García|Neutro|2015-12
Web|La República|larepublica.pe|Conmigo esto no sucedía - Augusto Álvarez Rodrich|La gente no vota el 24 de diciembre sino el 10 de abril. Alfredo Barnechea sobre las encuestas.|28/12/2015|1014.43||0||Augusto Álvarez Rodrich|Alfredo Barnechea García|Neutro|2015-12
Televisión|TV Perú 7.3|Desde la radio |Entrevista al congresista Mesías Guevara Amasifuén (TV Perú 7.3)|Entrevista. El congresista Mesías Guevara Amasifuén, precandidato presidencial por Acción Popular (AP), exigió a los postulantes al Sillón de Pizarro a informar a la población cuáles son sus propuestas para combatir la impunidad. Indicó que esto es importante al considerar que la impunidad es la madre de la corrupción, flagelo que “engendra a la pobreza, inseguridad ciudadana y todos los males habidos y por haber”. En “Desde la radio”, destacó que todos los proyectos de ley que presentó durante su labor parlamentaria estuvieron inspirados en las enseñanzas legadas por sus líderes políticos Fernando Belaunde Terry y Valentín Paniagua Corazao. Más adelante, informó que la Oficina Nacional de Procesos Electores supervisará las elecciones internas de AP este domingo 20 de diciembre. Finalmente, sostuvo que él no tiene tanta plata como César Acuña Peralta para llevar con holgura una campaña electoral. “Tengo dinero para vivir con dignidad, pero no para comprar conciencias”, sentenció Guevara. .|17/12/2015|0||1120||Mesias Antonio Guevara Amasifuén|Alfredo Barnechea García|Neutro|2015-12
Medio Impreso|Diario Uno|Diario Uno|""Vitocho"" cree que AP pasará la valla electoral|El congresista Victor García Belaunde aseguró que la eventual elección de Alfredo Barnechea como candidato presidencial por Acción Popular (AP) garantizaría que su agrupación política supere la valla electoral en las elecciones de 2016.|02/12/2015|1222.4|128.01|0|6|Víctor Andrés García Belaúnde|Alfredo Barnechea García|Positivo|2015-12
Medio Impreso|La Razón|La Razón|Optimista|Vitocho aseguró que la eventual elección de Alfredo Barnechea como candidato presidencial por AP garantizaría que superen la valla electoral.|02/12/2015|164.92|28.05|0|4|Víctor Andrés García Belaúnde|Alfredo Barnechea García|Positivo|2015-12
Televisión|Canal N|N Noticias|Susana Villarán anunció que participará en las próximas elecciones (Canal N)|La exalcaldesa Susana Villarán anunció a través de su cuenta de Facebook que hará todo lo que esté en sus manos para evitar que el fujimorismo regrese al gobierno. Aseveró que seguirá conversando con líderes políticos para unir esfuerzos a fin de evitar que el fujimorismo regrese, ahora encarnado en Keiko Fujimori. Reveló que ha dialogado con César Acuña, Pedro Pablo Kuczynski, Alfredo Barnechea, Ántero Flores-Aráoz entre otros. Señaló que ha tomado la decisión de participar en las próximas elecciones. Mediante un enlace telefónico, Marco Tulio Gutiérrez sostuvo que esta es la segunda vez que Villarán incumple su palabra.|12/12/2015|9114||651||Susana María del Carmen Villarán de la Puente|Alfredo Barnechea García|Neutro|2015-12
Web|Perú 21|peru21.pe|Víctor Andrés García Belaunde: ""Con Acción Popular no habrá un ministro como Alonso Segura""|El congresista y candidato a la primera vicepresidencia por Acción Popular, Víctor Andrés García Belaunde, está convencido de que, cuando se produzcan los debates previos a los comicios generales del 2016, su candidato, Alfredo Barnechea, superará “largamente” a sus rivales a Palacio de Gobierno.|29/12/2015|1874.83||0||Víctor Andrés García Belaúnde|Alfredo Barnechea García|Positivo|2015-12
Web|Capital|capital.com.pe|Susana Villarán participará en las elecciones 2016|La exalcaldesa de Lima Susana Villarán anunció su participación en las elecciones generales del 2016, con el objetivo de evitar que el fujimorismo regrese al poder. (...) Villarán adelantó que aún evalúa con qué partido participará en los comicios del próximo año, pero admite haberse reunido con líderes como César Acuña, Pedro Pablo Kuczynski, Ántero Flores Aráoz, Yehude Simon y Alfredo Barrenechea.|12/12/2015|54.41||0||Susana María del Carmen Villarán de la Puente|Alfredo Barnechea García|Neutro|2015-12
Web|Publimetro|publimetro.pe|Susana Villarán anuncia que participará en las elecciones 2016|En un comunicado difundido en su cuenta de Facebook, defendió su decisión ante la posibilidad de que el fujimorismo vuelva a ser gobierno. (...)“Lo he hecho hasta hoy con César Acuña, con PPK, con Alfredo Barnechea, con Ántero Flores-Aráoz, con Yehude Simon, con muchos líderes y lideresas de base de las izquierdas. Hoy lo haré con Julio Guzmán. Persistiré en ello”, agregó.|12/12/2015|133.02||0||Susana María del Carmen Villarán de la Puente|Alfredo Barnechea García|Neutro|2015-12
Televisión|Canal N|N Portada|Congresistas García Belaunde y Galarreta opinaron sobre movidas internas en Perú Posible y el Nacionalismo (Canal N)|El congresista Daniel Mora dijo que Alejandro Toledo no es el candidato idóneo para Perú Posible en las elecciones del 2016. .El congresista de Acción Popular Víctor Andrés García Belaunde señaló que los partidos políticos deben tener elecciones internas con más de un candidato. Respecto al proceso interno en Acción Popular, el legislador dijo ver a Alfredo Barnechea con mejores posibilidades de ser elegido candidato presidencial. .A su turno, el parlamentario Luis Galarreta comentó que Daniel Mora no ha dicho nada nuevo (sobre Toledo) pero también ha tenido la intención de ser el candidato de su partido a partir de haber logrado posicionamiento por el tema de la Ley Universitaria. Durante el diálogo, Galarreta mencionó la alianza que en la elección del 2006 reunió al PPC con Yehude Simon y César Acuña. .Sobre la candidatura de Milton von Hesse en el Partido Nacionalista, el congresista García Belaunde opinó que esa candidatura “nació muerta” y que mejor papel harían Daniel Abugattás o Ana Jara.|01/12/2015|11480||820||Víctor Andrés García Belaúnde|Alfredo Barnechea García|Positivo|2015-12
Web|La República|larepublica.pe|Perú Wars: El Despertar a la Fuerza - Marco Sifuentes|–Alfredo Barnechea tiene suficientes contactos en los medios como para obtener valiosos minutos de exposición en televisión. Si hay un nicho de votantes que busca a alguien que “hable bonito” pero no quiere votar por el candidato de los narcoindultos, aquí tiene a su hombre. La verdad, si lo pusieran a debatir con gente como Acuña, Barnechea quedaría como Churchill. Con un equipo de campaña sólido, también podría pasar la valla.|23/12/2015|1014.43||0||Marcos Sifuentes|Alfredo Barnechea García|Neutro|2015-12
Medio Impreso|Expreso|Expreso|Campaña se pone caliente con ""jales"" y denuncias|La abrupta caída de Pedro Pablo Kuczynski en las preferencias de los electores, según una reciente encuesta, ha hecho que el expremier ponga las barbas en remojo y busque asegurar cuanto antes la participación de dos figuras femeninas que le aseguren el éxito de su campaña y lo consoliden como el contendor de Keiko Fujimori en una eventual segunda vuelta, que se realizaría el 5 de junio próximo. Apra pide al JNE intervenir ante ’utilización"" de Universidad César Vallejo con fines políticos por parte de César Acuña. Por su parte, el presidente del Tribunal Electoral del Apra, Jorge Villasante, exhortó al Jurado Nacional de Elecciones a intervenir frente a la ""utilización"" de la universidad César Vallejo con fines electorales por parte del candidato de Alianza para el Progreso (APP), César Acuña, propietario de dicho centro de estudios.|02/12/2015|11183.42|1823.88|0|2|Víctor Andrés García Belaúnde|Alfredo Barnechea García|Positivo|2015-12
Medio Impreso|Exitosa|Exitosa Diario|""Falta de experiencia podría jugarle mala pasada a Keiko""|Entrevista a Raúl Diez Canseco - Exvicepresidente , Militante acciopopulista, evalúa a cinco postulantes a la presidencia. ¿Keiko Fujimori carga con los pasivos del gobierno de su padre? Ella está marcando distancia, no se le puede echar la culpa de eso. Se le cuestiona la falta de experiencia ¿ Concuerda con esas críticas? Es una persona joven con mucha fuerza, pero el terna de la experiencia podría jugarle una mala pasada porque estamos en un mundo donde hay convulsión y será complicado para ella enfrentar problemas. ¿Qué valora más en la Candidatura de PPK? A él le sobra experiencia además de ser un hombre honrado. Fue ministro de Belaunde y no creo que tenga problemas por la edad ya que en el mundo la esperanza de vida es de 88 años. ¿Y César Acuña de Alianza para el progreso? Es una revelación porque es alguien que vino de abajo, sin embargo tiene que convencer y mostrar un buen equipo. Estas elecciones será diferentes a las del pasado porque hay tres millones de electores nuevos que quieren conocer propuestas.|09/12/2015|2227.84|298.04|0|4|Raúl Diez Canseco Terry|Alfredo Barnechea García|Neutro|2015-12
Web|La República|larepublica.pe|¿Quién dijo que todo está perdido? - Rocío Silva Santisteban|Sin embargo, y a pesar de las candidaturas autoritarias o narcopolíticas, hay una cuota de honestidad más que de cálculo político en algunas candidaturas menores (también las hay “menores monstruosas” dicho sea de paso). Discrepo de varias de ellas y apoyo la de una congresista honesta, pero asimismo y para mi sorpresa coincido con algunas ideas que ha propuesto Alfredo Barnechea en el suplemento Domingo de este mismo diario. Barnechea ha dicho que esta contienda electoral será sobre dos maneras de entender el desarrollo: “un crecimiento fujimorista o autoritario” basado en cuatro ejes: 1) reblandecimiento del Estado; 2) erosión del sector público; 3) idolatría del mercado y 4) privatización sin regulación, ejes a los que se adscriben los cuatro candidatos que están arriba en las encuestas; y un crecimiento “de políticas desarrollistas” que él califica como belaundista.|29/12/2015|1014.43||0||Rocío Silva Santisteban|Alfredo Barnechea García|Neutro|2015-12
Medio Impreso|Perú 21|Perú 21|""Con AP no habrá un ministro como Segura""|Entrevista a Víctor A. García Bleaunde- Congresista y candidato a la primera vicepresidencia por Acción Popular, Víctor Andrés García Belaunde, está convencido de que, cuando se produzcan los debates previos a los comicios generales del 2016, su candidato, Alfredo Barnechea, superará ""largamente"" a sus rivales a Palacio de Gobierno. ¿Usted tendrá más protagonismo que anteriores vicepresidentes?. Yo seré respetuoso de la constitución y de la costumbre histórica política del Perú. Pero PPK ha dicho que sus vicepresidentes no serán figuras decorativas. ¿Puede violarse allí la constitución? En su caso, lo entiendo por su edad. El vicepresidente, en el caso de PPK, va a ser fundamental para atender sus necesidades de salud.(...) Me decía que Barnechea es el mejor candidato. ¿Cuáles son sus principales propuestas?. En los próximos días se va a exponer el plan de gobierno, pero lo que si le puedo decir es que vamos a convertir al Estado en árbitro.(..) ¿Quién sería su ministro de Economía? Yo le puedo asegurar que no habrá un ministro como Segura en el gobierno de Acción Popular. Ese señor es nefasto, hizo el frenazo de la economía. ¿Sigue convencido de que Barnechea pasará a segunda vuelta? Si, yo estoy convencido de que, en un debate con Acuña, García, Keiko, PPK o Toledo, Barnechea se va a lucir y los va a superar largamente, porque está más preparado que todos ellos. Los debates permiten que surjan personalidades.|29/12/2015|10231.16|1100.7|0|16|Víctor Andrés García Belaúnde|Alfredo Barnechea García|Positivo|2015-12
Radio|Radio San Borja|San Borja|Congresista Víctor García Belaunde opina sobre Lori Berenson y candidato Alfredo Barnechea (San Borja)|Congresista Víctor Andrés García Belaunde sostuvo que EE.UU. siempre ha ninguneado el terrorismo en el Perú y que si Lori Berenson fuera del estado islámico estaría condenada de por vida; por esa razón, ahora la consideran como activista. “Esa es la doble moral de los países desarrollados”, señaló. Además, indicó que Alfredo Barnechea será una sorpresa en este proceso de elecciones, por ser joven y muy conocido en el ámbito académico, periodístico, político, entre otros, y por haber sido devoto de las conversaciones con Belaunde y otros políticos.|02/12/2015|92.02||86||Víctor Andrés García Belaúnde|Alfredo Barnechea García|Positivo|2015-12
Televisión|Canal ATV Plus|Hora Clave|Entrevista al congresista Víctor Andrés García Belaunde (ATV+)|Entrevista. El presidente de la Subcomisión de Acusaciones Constitucionales, Víctor Andrés García Belaunde, informó que su grupo de trabajo verá las denuncias contra Alan García, a pesar que el Poder Judicial (PJ) anuló los informes de la Megacomisión. Asimismo, explicó que el fallecido parlamentario Javier Diez Canseco fue quien creo el precedente que luego utilizó Alan García para que el PJ le enmendara la plana al Congreso. De otro lado, indicó que ha renunciado a la posibilidad de ser precandidato presidencial de Acción Popular para apoyar a Alfredo Barnechea.|01/12/2015|5585||1117||Víctor Andrés García Belaúnde|Alfredo Barnechea García|Positivo|2015-12
Web|El Comercio|elcomercio.pe|Las fórmulas del 2016 - Hugo Guerra|En cuanto a Alfredo Barnechea, es mucho candidato para un partido querido pero maltratado como Acción Popular. Los demás postulantes pequeños, Ántero Flores-Aráoz, Renzo Reggiardo y Julio Guzmán quizá en el 2021 sean una opción...Así, solo quedan tres opciones razonables: PPK ofrece una alternativa interesante y viable, pese a la presencia de gente de tercer nivel en su lista. Keiko Fujimori es también atendible porque, aunque cueste decirlo, ella no es lo mismo que su corrupto padre. Además, cuenta con el apoyo de un hombre muy valioso como José Chlimper, aunque la participación de Vladimiro Huaroc es absurda, lo mismo que el maltrato a personalidades como Martha Chávez.|28/12/2015|5994.53||0||Hugo Guerra Arteaga|Alfredo Barnechea García|Neutro|2015-12
Web|Andina|andina.com.pe|Susana Villarán anuncia que participará en las elecciones 2016|La exalcaldesa de Lima Susana Villarán anunció hoy que participará en las elecciones generales del 2016, luego de haber presentado esta semana su renuncia a las filas de Fuerza Social, partido con el que llegó a la alcaldía capitalina. (...) ""Lo he hecho hasta hoy con César Acuña, con PPK, con Alfredo Barnechea, con Ántero Flores-Aráoz, con Yehude Simon, con muchos líderes y lideresas de base de las izquierdas. Hoy lo haré con Julio Guzmán. Persistiré en ello"", agregó.|12/12/2015|98.6||0||Susana María del Carmen Villarán de la Puente|Alfredo Barnechea García|Neutro|2015-12
Web|Semana Económica|semanaeconomica.com|Toledo, Mendoza, Von Hesse y Barnechea: el segundo pelotón|Cada diciembre antes del año electoral, la organización de la CADE invita a los candidatos a la presidencia que lideran las encuestas. Normalmente son cuatro, pero este año, debido a lo apretado de la pugna por el cuarto lugar, se abrió un cupo más, lo que permitirá que Alejandro Toledo acuda a la cita de Paracas. Según la última encuesta de Ipsos Perú, Toledo cuenta con apenas 5% de intención de voto, un porcentaje que lo coloca enfrente del segundo pelotón de aspirantes en el que figuran –como los personajes más conocidos– Verónika Mendoza, Milton von Hesse y Alfredo Barnechea. ¿Qué propuestas tienen?|03/12/2015|103.45||0||Manuel Burgos|Alfredo Barnechea García|Neutro|2015-12
Medio Impreso|Perú 21|Perú 21|Lo dijo|""Barnechea es una garantía para pelear la posibilidad de entrar a segunda vuelta"" . Victor Andrés García Belaunde.|02/12/2015|646.27|55.82|0|5|Víctor Andrés García Belaúnde|Alfredo Barnechea García|Positivo|2015-12
Radio|Radio San Borja|San Borja Noticias - Edición Matinal|Declaraciones del congresista Víctor Andrés García Belaunde (San Borja)|Enlace telefónico. El congresista Víctor Andrés García Belaunde precisó que Alfredo Barrenechea es una persona de centro izquierda y será una sorpresa en las próximas elecciones presidenciales. Agregó que Barrenechea tendría una buena performance en un debate frente a César Acuña y Keiko Fujimori.|02/12/2015|374.5||350||Víctor Andrés García Belaúnde|Alfredo Barnechea García|Positivo|2015-12
Radio|RPP|La Rotativa del Aire (Primera Edición)|“El panorama del día” con Raúl Vargas (RPP)|En vivo. En “El panorama del día”, el director de noticias de RPP, Raúl Vargas, se refirió a los resultados de la última encuesta de Gfk respecto a la intención de votos de cara a los comicios generales del 2016 y que involucra a los candidatos Keiko Fujimori, Pedro Pablo Kuczynski, César Acuña y Alan García. Por otra lado, sostuvo que la exalcaldesa Susana Villarán “cayó encandilada” al decidir sumarse a la lista presidencial del postulante nacionalista Daniel Urresti. Más adelante, se refirió a las elecciones que se desarrollan ayer domingo en España.|21/12/2015|4202||382||Raúl Vargas Vega|Alfredo Barnechea García|Neutro|2015-12
Web|Perú 21|peru21.pe|Pásame tu plancha - Alfredo Ferrero|Frente Amplio, de Verónika Mendoza, está con el padre Arana y Alan Fairlie. La izquierda va desunida. El partido de gobierno va con el ex ministro Urresti y su gran sorpresa, Susana Villarán. Solidaridad, que parecía no que presentaba plancha, va con Nano Guerra García, que iba a lanzarse por el Partido Humanista de Yehude, y con el congresista José Luna, que tiene los recursos y movilizaciones partidarias. Acción Popular intentará sorprender con Alfredo Barnechea, hombre de gran preparación, acompañado por el congresista Víctor Andrés García Belaunde y Edmundo del Águila. Otras planchas intentarán el milagro con poca opción.|24/12/2015|1874.83||0||Alfredo Ferrero Diez-Canseco|Alfredo Barnechea García|Positivo|2015-12
Medio Impreso|Correo|Correo|2016: Un año de definiciones - Juan Carlos Valdivia|E l siglo XXI ha sido generoso con el Perú. A pesar de la crisis institucional que vivimos y de una sociedad en permanente cambio, la economía ha crecido, los negocios se han desarrollado y hemos retirado a más del 30% de la población de la pobreza. (...) Hay una vasta oferta electoral, dispersa, que debió consolidarse en una o dos propuestas. Pero cuando tenga que elegir su candidato, escoja entre aquellos que nos garanticen que no se desandará lo andado, que nos afirmen que los cambios que proponen son para consolidar el modelo económico y no para implantar uno diferente. Hay de donde escoger, desde PPK o Alan García, pasando por Keiko Fujimori, Julio Guzmán, Ántero Flórez, Alfredo Barnechea y quizá César Acuña.|30/12/2015|1233.75|129.24|0|11|Juan Carlos Valdivia|Alfredo Barnechea García|Neutro|2015-12
Medio Impreso|La República|La República|¿Quién dijo que todo está perdido? - Rocío Silva|Todos hemos sido testigos de los entretelones de las planchas electorales, motivo por el cual hemos sufrido golpes, decepciones, bajoneadas y toda clase de situaciones que, una vez más, nos enfrentan a un panorama de crisis de partidos totalmente descarnado: 19 planchas pegadas con “scotch”, articuladas sobre la necesidad de pasar la valla electoral y armadas como “frankensteins” cuyo valor central radica en seguir con vida a punta de electroshocks. (...) Barnechea ha dicho que esta contienda electoral será sobre dos maneras de entender el desarrollo: “un crecimiento fujimorista o autoritario” basado en cuatro ejes: 1) reblandecimiento del Estado; 2) erosión del sector público; 3) idolatría del mercado y 4) privatización sin regulación, ejes a los que se adscriben los cuatro candidatos que están arriba en las encuestas; y un crecimiento “de políticas desarrollistas” que él califica como belaundista. En lo último disiento: en realidad, este segundo tipo de “crecimiento” es el que desde muchos ángulos, sobre todo desde sectores de izquierda, se ha venido a calificar como un “cambio de modelo” centrado en nuevas reglas de juego para las empresas extractivas y en una diversificación productiva que en nuestro Estado actual está representado por el Ministro de la Producción, Piero Ghezzi, al que, desgraciadamente, no le dan el poder que deberían y le recortan las alas a hachazo limpio.|29/12/2015|2477.41|295.32|0|5|Rocío Silva Santisteban|Alfredo Barnechea García|Neutro|2015-12
Radio|Exitosa|Exitosa Noticias|Entrevista al parlamentario Mesías Guevara sobre Acción Popular (Exitosa)|Entrevista. El parlamentario Mesías Guevara comentó las expectativas por la presentación de Alfredo Barnechea como candidato a la presidencia por Acción Popular. Indicó que AP es el único partido que ha realizado comicios internos organizados y supervisados por la ONPE, por lo que expresó sus críticas por los otros contendientes electorales. Por otro lado, destacó el reciente cuestionamiento contra la Comisión de Ética en el caso Juan José Díaz Dios.|22/12/2015|2621.43||1387||Mesias Antonio Guevara Amasifuén|Alfredo Barnechea García|Positivo|2015-12
Medio Impreso|Trome|Trome|‘Vitocho’ confía en Alfredo Barnechea|El congresista Víctor García Belaunde (AP) aseguró que la eventual elección de Alfredo Barnechea como candidato presidencial, garantizaría que su agrupación política supere la valla electoral en las elecciones del 2016. Agregó que, aparte de ser miembro de AP, Barnechea es muy cercano al mundo político y académico por su trabajo como periodista. Dijo que ello diferencia a Barnechea de los otros precandidatos de AP, Mesías Guevara, Jano Montoya y Beatriz Mejía.|02/12/2015|1661.71|68.67|0|8|Víctor Andrés García Belaúnde|Alfredo Barnechea García|Positivo|2015-12
Medio Impreso|Nuevo Sol|Nuevo Sol|""En elecciones el dinero te ayuda, pero aquí no te hace presidente""|Al ser consultado sobre la popular frase ""Plata como cancha"" de César Acuña Peralta, el legislador de Acción Popular y Frente Amplio, Victor Andrés Garcia Belaunde , sostuvo que el dinero ayuda en las elecciones ""pero no te hace presidente"". En ese sentido, recordó que ""la campaña más costosa fue de (Mario) Vargas Llosa en el año 90, y una de las más austeras fue la de (Alberto) Fujimori el 90 y eso implicó que los dos lleguen a segunda vuelta...pero el que invirtió más perdió y que invirtió menos ganó"". (...) Analizó candidaturas. En otro momento, sostuvo que el crecimiento en las encuestas de Acuña Peralta se debe a que los candidatos Alan garcía, Pedro Pablo Kuczynski y Alejandro Toledo, han bajado en las mismas por los cuestionamientos que tienen en su contra. ""Eso hace que la población se fije en otro y ese otro es Acuña"", dijo..|10/12/2015|2572.26|389.36|0|5|Víctor Andrés García Belaúnde|Alfredo Barnechea García|Positivo|2015-12
Web|Perú 21|peru21.pe|Alditus was right! - Aldo Mariátegui|(...) Sigamos con las arcadas como cancha: ¿qué hace un rojo de toda la vida como Huaroc con Keiko? ¿Qué hace una roja supuestamente consecuente como Rosa Mavila aliada con Yehude “Baguazo” Simon, divisionista de la izquierda y ex aliado aprista, ppkausa y toledista, amén de preso por vínculos con el MRTA? ¿Qué hace el maoísta de Patria Roja Gregorio Santos de aliado del fonavista Andrés Alcántara después de que este maltrató así al siomista García Núñez y todo ese sector de viejos de la izquierda? ¿Qué hace Lourdes Flores al lado de Alan después de que ella, a comienzos de los 90, probara todas las acusaciones contra este por BCCI, Mirages, etc…? ¿Qué hace un jurista respetable como Marco Ibazeta de compañero de fórmula de Belmont? ¿Qué hace un religioso como el pastor Lay al lado de un tipo como Acuña? ¿Tan desesperado está Solidaridad para no ir a la baja que recurre al recién choteado ‘Nano’? ¿Reggiardo, Barnechea, Guzmán, Pancho Diez Canseco y Popy creen de verdad que tienen alguna chance? ¿De dónde ha sacado Popy ese extravagante corte de pelo medieval?|22/12/2015|1874.83||0||Aldo Mariátegui Bosse|Alfredo Barnechea García|Negativo|2015-12
Radio|Radio Nacional|Nacional en la Noticia|Entrevista al congresista Mesías Guevara Amasifuén (Nacional)|Entrevista. El congresista Mesías Guevara Amasifuén, precandidato presidencial por Acción Popular (AP), exigió a los postulantes al Sillón de Pizarro a informar a la población cuáles son sus propuestas para combatir la impunidad. Indicó que esto es importante al considerar que la impunidad es la madre de la corrupción, flagelo que “engendra a la pobreza, inseguridad ciudadana y todos los males habidos y por haber”. En “Desde la radio”, destacó que todos los proyectos de ley que presentó durante su labor parlamentaria estuvieron inspirados en las enseñanzas legadas por sus líderes políticos Fernando Belaunde Terry y Valentín Paniagua Corazao. Más adelante, informó que la Oficina Nacional de Procesos Electores supervisará las elecciones internas de AP este domingo 20 de diciembre. Finalmente, sostuvo que él no tiene tanta plata como César Acuña Peralta para llevar con holgura una campaña electoral. “Tengo dinero para vivir con dignidad, pero no para comprar conciencias”, sentenció Guevara.|17/12/2015|869.2||820||Mesias Antonio Guevara Amasifuén|Alfredo Barnechea García|Neutro|2015-12
Medio Impreso|Perú 21|Perú 21|Perú Posible todavía no decide si irá solo|El ex mandatario Alejandro Toledo, postulante a la Presidencia de la República por Perú Posible, afirmó que en este partido aún no se ha decidido si se formará alianzas con otras agrupaciones políticas.|02/12/2015|2927.8|260.34|0|7|Mesias Antonio Guevara Amasifuén|Alfredo Barnechea García|Neutro|2015-12
Medio Impreso|Perú 21|Perú 21|Pásame tu plancha - Alfredo Ferrero|Se anunciaron 17 planchas con posibilidades de ser 19 o 20 hasta el 11 de enero que se inscriben para las elecciones 2016, algunas llegan con sorpresas y otras ya anticipadas. Keiko escogió al ex ministro de Agricultura de su padre y exitoso agroexportador, y a Vladimiro Huaroc (...) PPK va con la anticipada inclusión a la segunda vicepresidencia de Mercedes Aráoz, ex ministra aprista (...) Alan con su nueva aliada, Lourdes Flores (...) Acuña lleva a su reciente incorporación, Anel Townsend (...) Toledo acompañado por dos peruposibilistas –que no quedan muchos–, Marcial Ayaipoma y la ex ministra Carmen Omonte. (...) Frente Amplio, de Verónika Mendoza, está con el padre Arana y Alan Fairlie. (...) El partido de gobierno va con el ex ministro Urresti y su gran sorpresa, Susana Villarán. Solidaridad, que parecía no que presentaba plancha, va con Nano Guerra García que iba a lanzarse por el Partido Humanista de Yehude (...) Acción Popular intentará sorprender con Alfredo Barnechea.|24/12/2015|1405.15|164.45|0|8|Alfredo Ferrero Diez-Canseco|Alfredo Barnechea García|Neutro|2015-12
Web|ATV|atv.pe|Susana Villarán participará en las elecciones 2016|La exalcaldesa de Lima Susana Villarán anunció que participará en las elecciones generales del 2016, luego de haber presentado esta semana su renuncia a las filas de Fuerza Social, partido con el que llegó a la alcaldía capitalina. (...) En su texto refirió que seguirá conversando con líderes políticos para unir esfuerzos y evitar que el fujimontesinismo regrese...""Lo he hecho hasta hoy con César Acuña, con PPK, con Alfredo Barnechea, con Ántero Flores-Aráoz, con Yehude Simon, con muchos líderes y lideresas de base de las izquierdas. Hoy lo haré con Julio Guzmán. Persistiré en ello"", agregó.|12/12/2015|86.66||0||Susana María del Carmen Villarán de la Puente|Alfredo Barnechea García|Neutro|2015-12
Web|Correo|diariocorreo.pe|2016: Un año de definiciones - Juan Carlos Valdivia|(...) Hay una vasta oferta electoral, dispersa, que debió consolidarse en una o dos propuestas. Pero cuando tenga que elegir su candidato, escoja entre aquellos que nos garanticen que no se desandará lo andado, que nos afirmen que los cambios que proponen son para consolidar el modelo económico y no para implantar uno diferente. Hay de donde escoger, desde PPK o Alan García, pasando por Keiko Fujimori, Julio Guzmán, Ántero Flórez, Alfredo Barnechea y quizá César Acuña.|30/12/2015|702.1||0||Juan Carlos Valdivia|Alfredo Barnechea García|Neutro|2015-12
Medio Impreso|Diario Uno|Diario Uno|Sacar la segunda vuelta - César Lévano|Pasar a la segunda vuelta en las elecciones presidenciales del 2016 es el sueño de candidatos como Pedro Pablo Kuczynski y César Acuña. Alan García y Alejandro Toledo están demasiado abajo en las encuestas como para aspirar a ese segundo round (...) ""Quizá en enero o febrero veamos a Julio Guzmán, Renzo Reggiardo o Verónika Mendoza entrar a la pelea por el segundo puesto"", manifestó Benavente. (...) El análisis de Benavente no toma en cuenta a Alfredo Barnechea, recién lanzado como candidato de Acción Popular, el partido de Fernando Belaunde, Más allá de inclinaciones personales, considero que Barnechea, hombre de centro, y Verónika Mendoza, candidata de los sectores progresistas, presentan las propuestas más sólidas y coherentes, con mayor sentido social.|29/12/2015|2330.2|244.16|0|2|Luis Benavente Gianella|Alfredo Barnechea García|Positivo|2015-12
Medio Impreso|La República|La República|Conmigo esto no sucedía - Augusto Álvarez Rodrich|Lo más coherente en las próximas elecciones es votar en blanco. Padre Gastón Garatea. Que se comprometan con el país, no con su bolsillo. Mons. Luis Bambarén a los candidatos. Tengo la convicción de que Daniel Urresti es inocente. Susana Villarán. Desconcierto y decepción. Lourdes, Anel y Susana diluidas y sometidas al sistema. Los principios no valen votos. Mónica Sánchez. El NO de la revocatoria se deshizo: Lourdes con Alan, Anel con Acuña y Susana con Urresti. Los principios no alcanzaron. Luis Daveloius. Quiero evitar que Keiko sea presidenta. No vamos a permitir que vuelva la corrupción. Susana Villarán. (...) La gente no vota el 24 de diciembre sino el 10 de abril. Alfredo Barnechea sobre las encuestas. Tengo todo el derecho de criticar lo bueno o lo malo que han hecho regímenes anteriores. Ollanta Humala. Hable o calle, Humala no interfiere de ninguna manera. Alan García. Urresti es un insultólogo profesional. Luis Iberico. Las penas estuvieron pensadas para los cholos de las protestas sociales, no para las dignas señoras que humillan a la PNP. Rocío Silva Santisteban. Esto no habría sucedido jamás conmigo. Donald Trump sobre el error en la final de Miss Universo.|28/12/2015|1948.33|232.59|0|5|Augusto Álvarez Rodrich|Alfredo Barnechea García|Neutro|2015-12
Radio|Exitosa|Nicolás Lucar en Exitosa|Víctor Andrés García Belaúnde se pronunció sobre planchas presidenciales (Exitosa)|Enlace telefónico. Víctor Andrés García Belaúnde comentó acerca de la participación de la exalcaldesa, Susana Villarán, en la plancha presidencial del candidato Daniel Urresti señalando que le sorprende esta nueva alianza. Asimismo, lamentó que partidos como Perú Posible aún no decidan a los integrantes de sus planchas presidenciales, pues esto debilitaría el sistema partidario. Con respecto a la elección de Alfredo Barnechea, destacó que en Acción Popular realizaron votaciones internas en coordinación con la ONPE y dijo que no lo imagina perdiendo en un debate ante Keiko Fujimori, César Acuña o Pedro Pablo Kuczysnki.|21/12/2015|765.45||405||Víctor Andrés García Belaúnde|Alfredo Barnechea García|Positivo|2015-12
Medio Impreso|Extra|Extra|Confía en alfredo|El congresista de Acción Popular, Victor Andrés Garcia Belaunde, consideró que el precandidato de su partido Alfredo Barnechea garantizaría, no solo pasar la valla electoral, sino también la posibilidad de entrar a la segunda vuelta en las elecciones.|03/12/2015|124|31.18|0|4|Víctor Andrés García Belaúnde|Alfredo Barnechea García|Positivo|2015-12
Medio Impreso|Del País|Del País|En AP creen que Alfredo Barnechea puede pasar a segunda vuelta|El congresista de Acción Popular (AP) Victor Andrés Garcia Belaunde consideró que el precandidato presidencial de su partido AIfredo Barnechea garantizada no solo pasar la valla electoral, sino también la posibilidad de entrar a la segunda vuelta en las elecciones del 2016.|02/12/2015|204.96|56.57|0|2|Víctor Andrés García Belaúnde|Alfredo Barnechea García|Positivo|2015-12
Televisión|Panamericana TV|Las cosas como son |Congresistas García Belaunde y Mulder opinaron sobre escenario electoral (Canal 5)|El congresista de Acción Popular Víctor Andrés García Belaunde reconoció que es riesgosa la apuesta de su partido por competir en las elecciones del 2016 sin realizar alianzas. En otro momento, comentó que Alfredo Barnechea es el mejor posicionado públicamente de los precandidatos que pretenden representar al partido en las elecciones presidenciales. De otro lado, García Belaunde destacó cualidades de José Chlimper, integrante de la plancha presidencial de Keiko Fujimori, y dijo que Vladimiro Huaroc es un “picaflor” de la política. El congresista también comentó que Mercedes Aráoz, integrante de la fórmula encabezada por Pedro Pablo Kuczynski, le debe todo a Alan García. .El periodista Mario Saldaña comentó que ante una consulta el ministro Jaime Saavedra, el Jurado Nacional de Elecciones ha autorizado al Ministerio de Educación para que emitan las campañas publicitarias sobre la reforma universitaria (a propósito del tema de la neutralidad del gobierno en una campaña electoral). El congresista aprista Mauricio Mulder afirmó que el presidente Ollanta Humala, en cada presentación pública, acusa a los candidatos presidenciales de querer desactivar programas sociales como Qali Warma. En otro momento, Mulder y García Belaunde discreparon sobre el efecto que tendrá la alianza entre el Partido Aprista y el Partido Popular Cristiano. Finalmente, coincidieron en expresar sus dudas sobre el liderazgo de Keiko Fujimori en el fujimorismo.|20/12/2015|52312.26||1005||Víctor Andrés García Belaúnde|Alfredo Barnechea García|Positivo|2015-12
Televisión|RPP|Ampliación de Noticias - RPP|Mesías Guevara dialoga sobre elecciones internas en Acción Popular (RPP TV)|Entrevista. El presidente de Acción Popular, Mesías Guevara, señaló que el mensaje dado por los candidatos que participaron en la CADE ha sido dirigido al tema macroeconómico y muy poco se habló de la microeconomía. En otro momento, indicó que su partido ha tomado decisión de ir solos en las próximas elecciones. Recalcó que la organización del proceso electoral en Acción Popular estará a cargo de la ONPE. Informó que los precandidatos de su partido son: Alfredo Barnechea, Beatriz Mejía, Jano Montoya y su persona. Mesías Guevara sostuvo que son distintos a Keiko Fujimori, Alan García, Alejandro Toledo, César Acuña y Pedro Pablo Kuczynski.|09/12/2015|2245.36||508||Mesias Antonio Guevara Amasifuén|Alfredo Barnechea García|Neutro|2015-12
Web|Perú.com|peru.com|Susana Villarán sí participará en elecciones contra el fujimorismo|La exalcaldesa de Lima Susana Villarán, a través de su cuenta de Facebook, anunció que participará en las Elecciones 2016 , a pesar que dijo en reiteradas oportunidades que no lo haría.. “Seguiré conversando con líderes políticos para unir esfuerzos y evitar que el fujimontesinismo regrese, ahora encarnado en Keiko. Lo he hecho hasta hoy con César Acuña, con PPK, con Alfredo Barnechea, con Antero Flores Araoz, con Yehude Simon, con muchos líderes y lideresas de base de las izquierdas en el país. Hoy lo haré con Julio Guzmán”, continuó su anunció.|12/12/2015|1975.45||0||Susana María del Carmen Villarán de la Puente|Alfredo Barnechea García|Neutro|2015-12
Web|Perú 21|peru21.pe|Perú Posible todavía no ha decidido si formará alianzas con agrupaciones políticas|El exmandatario Alejandro Toledo, postulante a la Presidencia de la República por Perú Posible, afirmó que en este partido aún no se ha decidido si se formará alianzas con otras agrupaciones políticas...“No se ha tocado ningún tema de alianzas. Todavía tenemos algunos días, estamos en proceso de evaluarlo, primero al interior del partido”, declaró a la prensa Alejandro Toledo...Cuando se le preguntó respecto a la declaración del legislador ‘chakano’ Daniel Mora, quien afirmó que Alejandro Toledo no es el “candidato idóneo” de Perú Posible –en una entrevista publicada ayer en Perú21–, Toledo respondió que “las cosas internas se ventilan internamente”.|02/12/2015|1874.83||0||Mesias Antonio Guevara Amasifuén|Alfredo Barnechea García|Neutro|2015-12
