﻿Tipo|Medio General|Medio Específico|Título|Resumen|Fecha Emisión|Valorización|Cm2|Duración|Página|Personajes|Candidatos 2016|Tono|Mes Emisión
Medio Impreso|Perú 21|Perú 21|Los que no tienen plata también juegan - Carlos Basombrío Iglesias|En mi opinión, estos cuatro meses de la primera etapa de la campaña quedan teñidos por un vicio muy grave, que está alterando las condiciones mininas de igualdad para una contienda electoral. Me refiero al abuso del poder del dino para hacer campaña política encubierta usando los dineros de una universidad. (...) Hasta donde llego a saber, hay otros 12 candidatos presidenciales. ¿Cómo van a lograr que sus propuestas lleguen con efectividad y equidad si hay tal distorsión en la capacidad económica de hacer publicidad? Y, ojo, más allá de simpatías o mías, hay muchas candidaturas importantes que hoy están con 2% o menos. Se puede discrepar o coincidir con cada uno de ellos, pero es importante que se escuchen, también, las voces de Mendoza, Barnechea, Belmont, Flores-Aráoz, Reggiardo, Simon, Hilario y Guzmán.|20/12/2015|2902.34|247.02|0|5|Carlos Miguel Ramón Basombrío Iglesias|Julio Guzmán Cáceres|Positivo|2015-12
Medio Impreso|La República|La República|El 36% de peruanos todavía no deciden por quién votar el 2016|Si bien hasta el momento el partido político con mayor respaldo en intención de voto es Fuerza Popular, que tiene 30%, el último sondeo de GfK revela otra cifra estadística mayor, que seguramente será materia de análisis de los jefes de campaña: un 36% de peruanos aún no sabe por quién votará en las elecciones generales del 2016. (...) David Sulmont destacó que Fuerza Popular y el Apra son los dos únicos partidos de esta campaña que tienen ""identidades políticas formadas en el país"". Eso no ocurre con los partidos de César Acuña y Pedro Pablo Kuczynski.|21/12/2015|7390.24|1100.06|0|7|Luis Benavente Gianella|Julio Guzmán Cáceres|Neutro|2015-12
Web|Correo|diariocorreo.pe|¿Usted entiende esto? - Juan Carlos Valdivia|Con Nadine trabajaron por un tiempo Verónica Mendoza y Sergio Tejada que se han reunido con Marisa Glave y otros exregidores de Villarán para impulsar un proyecto de izquierda...De Villarán también fue socio Vladimiro Huaroc en Fuerza Social (fundada por el primero, pero que se la quedo la segunda). Hoy Huaroc es candidato a la vicepresidencia por el fujimorismo. Huaroc ha sido funcionario de este gobierno en la PCM, donde compartió labores con Julio Guzmán, también exfuncionario de este gobierno y autodenominado “outsider”. Otra socia de Villarán ha sido Anel Townsend, quien ahora es candidata con Acuña.|23/12/2015|702.1||0||Juan Carlos Valdivia|Julio Guzmán Cáceres|Neutro|2015-12
Web|La República|larepublica.pe|El fujimorismo ya ganó - Marco Sifuentes|(...) Paradójicamente, el único esfuerzo por construir una alianza institucional entre dos partidos con cuadros, trayectoria y, ahora, posiciones ideológicamente convergentes es… el matrimonio Apra-PPC. Caricaturizada como un joint-venture de Oropeza y Cataño, ha provocado un rechazo instintivo en la mayoría de votantes. Después de todo, el PPC ya ha sido aliado de PPK, de Acuña y de Solidaridad. ¿Y ahora compite contra ellos? En el papel puede verse como una alianza de la derecha institucional pero –y esto lo percibe cualquier persona medianamente informada– es simplemente una medida desesperada para pasar la valla.|16/12/2015|1014.43|34.18|0||Marcos Sifuentes|Julio Guzmán Cáceres|Neutro|2015-12
Televisión|Canal N|Con otros ojos |Entrevista al comunicador Sandro Venturo (Canal N)|Entrevista. Sandro Venturo, comunicador, comentó acerca de los mensajes de los candidatos a la presidencia. Señaló que durante el CADE los candidatos se vieron obligados a emitir un mensaje que antes no habían tomado en cuenta. También, manifestó que los demás se vieron obligados a otorgar un mejor mensaje, a raíz de la subida de Acuña. Posteriormente, indicó que Keiko Fujimori ha mejorado en la comunicación de temas complicados, sin embargo aún le falta respuestas contundentes cuando se refiere al gobierno de su padre. Con respecto a la campaña de Pedro Pablo Kuczynski, sostuvo que no es conocido en zonas rurales. Sobre la candidatura de Alejandro Toledo, dijo que le da pena su manera cómica de comportarse. También, se refirió a las candidaturas de Julio Guzmán y Verónika Mendoza. .|16/12/2015|24167||1859||Sandro Venturo Schultz|Julio Guzmán Cáceres|Neutro|2015-12
Medio Impreso|El Comercio|El Comercio Cuerpo A|Verano de definiciones|Solo un candidato ha logrado ganar la presidencia; en las últimas tres elecciones, luego de haber liderado la intención de voto en diciembre. Fue Alejandro Toledo en el 2001. Ni Lourdes Flores ni Luis Castañeda pudieron celebrar una victoria en el 2006 y 2011, respectivamente.|28/12/2015|10018|1560.21|0|2|Luis Benavente Gianella|Julio Guzmán Cáceres|Neutro|2015-12
Web|Andina|andina.com.pe|En enero empezará ""lucha frontal"" por conquistar segundo lugar en encuestas|Los próximos meses de campaña electoral se caracterizarán por ser una ""lucha frontal"" por conquistar el segundo lugar de las preferencias electorales, en la que el factor Daniel Urresti jugará un rol importante, manifestó hoy el analista político, Luis Benavente. ""Se van a concentrar en una lucha frontal por el segundo lugar porque lo otro (buscar el primer lugar) va a llevar a un desgaste demasiado grande y las posibilidades son mínimas"", precisó. ..Por tanto, indicó que Pedro Pablo Kuczynski, Alan García, César Acuña y Alejandro Toledo, concentrarán sus estrategia de campaña en confrontar con sus oponentes directos para sumar más votos y alcanzar la segunda vuelta.|17/12/2015|98.6||0||Luis Benavente Gianella|Julio Guzmán Cáceres|Neutro|2015-12
Web|El Comercio|elcomercio.pe|Miss Universo: todo es ‘armani’, por Pedro Canelo|(...) Que no sorprenda ver más escándalos ‘armani’ no solo en la farándula sino en la misma política. Ya los candidatos presidenciales están avisados. No se sorprenda, lector, si vemos un desmayo de Susana Villarán, una caída del estrado de PPK, un olvido de discurso de Acuña o hasta una pelea casi marital entre Alan y Lourdes. Ya si Julio Guzmán salta como ‘Zumba’, capaz sube al 5%. Pero no crea, todo es y será ‘armani’. Es la fórmula ganadora. Miss Universo fue trending topic mundial en Twitter por dos días consecutivos. Seis años después de esa inverosímil respuesta de Miss Panamá en la prueba de conocimientos recuperó la audiencia perdida. Tenían que hacerlo de nuevo por el ráting: los organizadores de Miss Universo no pudieron revivir a Confucio, pero al menos reinventaron la confusión.|24/12/2015|5994.53||0||Pedro Canelo|Julio Guzmán Cáceres|Neutro|2015-12
Medio Impreso|El Comercio|El Comercio Cuerpo A|Las fórmulas del 2016 - Hugo Guerra|Quisiera celebrar el advenimiento del nuevo año con optimismo, pero cuando analizo la política nacional solo puedo avizorar el 2016 con recelo. La campaña electoral, hasta este punto, es un desastre , con pocas excepciones. La falta de consistencia ideológica , organización y trayectoria de la mayor parte de instituciones participantes (increíblemente 19 fórmulas) ratifica que prácticamente carecemos de partidos políticos , pero abundan los clubes electorales oportunistas que se aprestan no a tomar el poder , sino a asaltar el Estado. (...) Así, solo quedan tres opciones razonables: PPK ofrece una alternativa interesante y viable, pese a la presencia de gente de tercer nivel en su lista. Keiko Fujimori es también atendible porque, aunque cueste decirlo, ella no es lo mismo que su corrupto padre.|28/12/2015|2981.55|325.64|0|16|Hugo Guerra Arteaga|Julio Guzmán Cáceres|Negativo|2015-12
Web|Andina|andina.com.pe|Acuña: No hemos conversado con Susana Villarán sobre su incorporación|El candidato presidencial de Alianza para el Progreso, César Acuña, descartó hoy una eventual incorporación de la exalcaldesa de Lima, Susana Villarán a su agrupación política las elecciones generales de 2016...""Susana Villarán es una mujer que tiene toda nuestra estima y respeto pero no hemos conversado sobre su eventual incorporación, o sea esos son solo rumores que no corresponden"", precisó...(...) Hoy, la exburgomaestre que renunció a su partido Fuerza Social, indicó que participará en las elecciones de 2016, aún cuando había señalado, tras superar la revocatoria, que no se presentaría a ningún cargo de elección popular...A través de sus redes sociales, reveló que cambió de decisión ante la posibilidad de que el fujimorismo vuelva a ser gobierno...En ese proceso, indicó, que había conversado con César Acuña, con Pedro Pablo Kuczynski, Alfredo Barnechea, Ántero Flores-Aráoz, Yehude Simon, con Julio Guzmán y líderes y lideresas de izquierda.|13/12/2015|98.6||0||Susana María del Carmen Villarán de la Puente|Julio Guzmán Cáceres|Neutro|2015-12
Medio Impreso|Diario Uno|Diario Uno|El voto inesperado - César Lévano|La encuestadora lmasen halló una sorpresa en su sondeo llevado a cabo entre el 26 de noviembre y el 1 de diciembre. A la pregunta: ¿usted votaría por alguien de izquierda para la presidencia de la República?"", 7.2 por ciento respondió: ""definitivamente sí"", y 19.5 declaró: ""probablemente sí"". En suma, un potencial 26.7 por ciento (...) Por lo demás, Imasen confirma en sus puestos a los candidatos favoritos de la Conferencia Anual de Empresarios (CADE). Keiko Fujimori está en la punta, con 33.2 por ciento. Le siguen PPK, con 15.4; César Acuña, con 10.9 y Alan García, con 8.6. Alejandro Toledo obtuvo 4.6 y Verónika Mendoza 2.0. En la lista que, bajo el rubro de otros, cosecha colectivamente 2.8 por ciento figuran Ántero Flores-Aráoz, Romulo Mucho, Miguel Hilario, Renzo Reggiardo, Julio Guzmán, Alfredo Barnechea, José Luna, Gonzalo García, Nono Guerra Garcia, Ricardo Belmont y Hernando de Soto|04/12/2015|2339.75|245.78|0|2|César Lévano|Julio Guzmán Cáceres|Neutro|2015-12
Medio Impreso|El Comercio|El Comercio Cuerpo A|Los planes de gobierno - Felipe Ortiz de Zevallos|En los primeros días del próximo año, además de sus planchas para la elección presidencial, los partidos y alianzas en competencia deberán registrar sus planes de gobierno para el período 2016-2021. No resulta muy creíble que la delincuencia o la corrupción puedan reducirse efectivamente sin reformas relevantes paralelas en el Poder Judicial, las que, por su naturaleza transcendente, deben proyectar su vigencia más allá del próximo lustro. (...) “El pasado no está muerto, ni siquiera es pasado” dijo William Faulkner. Un peligro en los planes de gobierno 2016-2021 de Keiko Fujimori y Pedro Pablo Kuczynski es que resulten solo versiones actualizadas y mejoradas de los que presentaron hace un lustro.|26/12/2015|9267.82|635.99|0|24|Felipe Ortiz de Zevallos|Julio Guzmán Cáceres|Neutro|2015-12
Web|La República|larepublica.pe|Promesas 2016|No votar por Keiko, ni por Alan, ni por Acuña, ni por Urresti, ni por Toledo, ni por Ántero, ni por Belmont, ni por Gregorio Santos, ni por Yehude, ni por Reggiardo, ni por Nano, ni por Julio Guzmán, ni por Verónika Mendoza, ni por los otros pitufos. Ni en primera ni en segunda vuelta.|27/12/2015|1014.43||0||Renato Cisneros|Julio Guzmán Cáceres|Negativo|2015-12
Radio|Exitosa|Juan Carlos Tafur en Exitosa|Análisis de la situación política – electoral por Pedro Tenorio (Exitosa)|Entrevista. El periodista y analista político Pedro Tenorio dio un balance de la situación política – electoral. En primer lugar, sostuvo que la decisión de Keiko Fujimori no ha sido improvista, sino que formaría parte de una estrategia electoral. Asimismo, hizo referencia a la militancia de Luisa María Cuculiza, Martha Chávez y Alejandro Aguinaga avocado a su padre, Alberto Fujimori. En ese aspecto, hizo comparación de la percepción de sectores C y D a candidatos como PPK o Alan García, en este último – agregó – le haría falta la construcción de una imagen menos tradicional. Más adelante, puntualizó que César Acuña tendría un 8% de aceptación (y no 25%) y no descartó que Julio Guzmán o Alfredo Barrenechea llamen la atención de la población. Finalmente, Tenorio hizo énfasis en la continuidad de reformas de diversos sectores y apreciar la situación de la economía nacional. No desmereció el reconocimiento de Pedro Chlimper, Martín Vizcarra o Lourdes Flores sobre temas nacionales o la necesidad de función de un sistema de economía abierta y sancionar irregularidades; recordó el caso de concertación de precios entre dos conocidas papeleras y falta de pronunciamiento de la Confiep o empresarios.|30/12/2015|3124.17||1653||Pedro Tenorio Narváez|Julio Guzmán Cáceres|Neutro|2015-12
Televisión|TV Perú 7.3|Desde la radio |Entrevista al congresista Mesías Guevara Amasifuén (TV Perú 7.3)|Entrevista. El congresista Mesías Guevara Amasifuén, precandidato presidencial por Acción Popular (AP), exigió a los postulantes al Sillón de Pizarro a informar a la población cuáles son sus propuestas para combatir la impunidad. Indicó que esto es importante al considerar que la impunidad es la madre de la corrupción, flagelo que “engendra a la pobreza, inseguridad ciudadana y todos los males habidos y por haber”. En “Desde la radio”, destacó que todos los proyectos de ley que presentó durante su labor parlamentaria estuvieron inspirados en las enseñanzas legadas por sus líderes políticos Fernando Belaunde Terry y Valentín Paniagua Corazao. Más adelante, informó que la Oficina Nacional de Procesos Electores supervisará las elecciones internas de AP este domingo 20 de diciembre. Finalmente, sostuvo que él no tiene tanta plata como César Acuña Peralta para llevar con holgura una campaña electoral. “Tengo dinero para vivir con dignidad, pero no para comprar conciencias”, sentenció Guevara. .|17/12/2015|0||1120||Alberto Ku King|Julio Guzmán Cáceres|Positivo|2015-12
Medio Impreso|Trome|Trome|Villarán en reuniones|La exalcaldesa de Lima, Susana Villarán, quien hace días renunció a Fuerza Social, partido que ella misma fundó, aseguró que de todas maneras participará en las elecciones del próximo año con su chalina verde para ""evitar que el fujimontesinismo regrese"". Afirmó que por eso se ha reunido con César Acuña, Pedro Pablo Kuczynski, Alfredo Barnechea, Antero Flores-Aráoz, Yehude Simon, y líderes de Izquierda. Anunció que luego lo hará con Julio Guzmán. Dijo que su decisión la dará a conocer oportunamente.|13/12/2015|1209.63|55.99|0|10|Susana María del Carmen Villarán de la Puente|Julio Guzmán Cáceres|Neutro|2015-12
Medio Impreso|La República|La República|El reto de pasar de ser el rey de Facebook a buscar ganar una elección presidencial|Expertos aseguran que el siguiente paso de Julio Guzmán será clave para captar, en la vida real, el voto de los jóvenes, cuya atención ha captado con presencia en las redes sociales. Otros opinan que, más bien, ese éxito virtual se quedará en Internet.|25/12/2015|3307.3|679.8|0|8|Miguel Antonio Ugaz Gaviño|Julio Guzmán Cáceres|Neutro|2015-12
Medio Impreso|La República|La República|El reto de pasar de ser el rey de Facebook a buscar ganar una elección presidencial|Expertos aseguran que el siguiente paso de Julio Guzmán será clave para captar, en la vida real, el voto de los jóvenes, cuya atención ha captado con presencia en las redes sociales. Otros opinan que, más bien, ese éxito virtual se quedará en Internet.|25/12/2015|3307.3|679.8|0|8|Óscar Quintanilla|Julio Guzmán Cáceres|Neutro|2015-12
Web|Exitosa|exitosadiario.pe|""Incorporación de Meche Aráoz confirma que Peruanos por el Kambio es el partido de lobbistas""|Entrevista. Marco Arana, candidato a la vicepresidencia por Frente Amplio. (...) Usted señaló que le preocupa que César Acuña gane la Presidencia y entre a saquear al Estado…. .Hay tres cosas graves. Que el señor Acuña está procesado por usar fondos públicos cuando fue alcalde para conseguir votos. ¿El Poder Judicial está amarrado de manos o es cómplice? ¿El Jurado Nacional de Elecciones qué dice al respecto? ¿O el señor Acuña está teniendo el padrinazgo de las altas esferas del poder? Segundo: todas las investigaciones de sus fondos. Yo no tengo nada contra un señor que hace fortuna, pero el origen de esos fondos ¿cuándo se va a investigar? Y tercero: está metido en negocios de educación que como sabemos tienen exoneración tributaria, entonces ¿cómo es posible que usen este negocio para una campaña multimillonaria y eso genera una desventaja en la competencia electoral? ¿Dónde está la Sunat?|26/12/2015|71.5||0||Marco Antonio Arana Zegarra|Julio Guzmán Cáceres|Neutro|2015-12
Web|El Comercio|elcomercio.pe|Los planes de gobierno, por Felipe Ortiz de Zevallos|“El pasado no está muerto, ni siquiera es pasado” dijo William Faulkner. Un peligro en los planes de gobierno 2016-2021 de Keiko Fujimori y Pedro Pablo Kuczynski es que resulten solo versiones actualizadas y mejoradas de los que presentaron hace un lustro. Este flash-back puede incluso resultar más marcado en el caso de Alan García, quien vuelve a ser candidato presidencial después de una década. El mundo ha cambiado, el Perú es y no es el mismo país, mejor estamos en muchas cosas, algo peor en otras. Las prioridades deben realinearse. Los planes reencauchados del 2006 y 2011 ya no sirven de mucho. .|26/12/2015|5994.53||0||Felipe Ortiz de Zevallos|Julio Guzmán Cáceres|Neutro|2015-12
Medio Impreso|La República|La República|Guerra Virtual -Eduardo Dargent|Tengo una relación complicada con las redes sociales. Por un lado, ofrecen la posibilidad de enterarse en forma inmediata de debates, artículos y puntos de vista a los que sería difícil tener acceso. Además de permitir el maleteo y la conversación con los amigos en tiempo real. Los parciales de otros candidatos lo atacaron con todo, tal vez temiendo los costos de su crecimiento o simplemente porque se cruzan en el espacio virtual. Los PPKausas señalando que era una suerte de PPK Pulpín. Los seguidores de Verónika Mendoza y otros colectivos de izquierda criticaron su supuesta postura no ideológica, de ser un derechista disfrazado. Varios levantaron versiones sobre su financiamiento millonario. Fue tanto el movimiento que el genial El Panfleto tituló “Twitteros se independizan del Perú y llaman a 2da vuelta entre Julio Guzmán y Verónika Mendoza”.|19/12/2015|3560.75|424.97|0|5|Eduardo Dargent Bocanegra|Julio Guzmán Cáceres|Neutro|2015-12
Televisión|Canal ATV Plus|Hora Clave|Entrevista al analista político Juan Carlos Valdivia (ATV+)|Entrevista. El analista político Juan Carlos Valdivia señaló que Keiko Fujimori esta mostrando voluntad para ser presidente; y en ese sentido, está dispuesta a tomar decisiones drásticas como separar de la lista al congreso a sus figuras antiguas. Sobre Pedro Pablo Kuczynski opinó que le falta la alegría y la juventud de los jóvenes, pues ahora está rodeado de exintegrantes de Perú Posible. En cuanto a César Acuña, señaló que el líder de APP tiene poco conocimiento y mucha plata. Asimismo, resaltó el crecimiento en las encuestas de Julio Guzmán en los sectores A y B. En otro momento, mencionó que el partido de Fernando Olivera ha recibido la autorización del Jurado Nacional de Elecciones luego de haber cumplido la fecha límite establecida.|30/12/2015|5445||1089||Juan Carlos Valdivia|Julio Guzmán Cáceres|Positivo|2015-12
Web|El Comercio|elcomercio.pe|""Un mundo para Julio"", un perfil de Julio Guzmán|Julio Guzmán se queja de no contar con ‘plata como cancha’, pero tiene suficientes recursos como para hacer giras y saturar las redes con controversias que parecen provocadas por sus propios ‘community managers’. Tiene correligionarios influyentes, como Gonzalo Aguirre, la cabeza de IPAE y propulsor de los CADE, y ha despertado la simpatía de empresarios dispuestos a bancarse su reformismo. Total, parte sustancial de su prédica es proinversión, e insiste en la simplificación administrativa para emprendedores.|19/12/2015|5994.53||0||Fernando Vivas Sabroso|Julio Guzmán Cáceres|Positivo|2015-12
Radio|Exitosa|Juan Carlos Tafur en Exitosa|Entrevista al experto en redes y seguridad informática, Mario Shino (Exitosa)|Entrevista. En el marco de la campaña presidencial, el experto en redes y seguridad informática, Mario Shino, comentó acerca de la influencia de las redes sociales en la actualidad. En ese aspecto, destacó que el trasfondo va dirigido a la aceptación o popularidad, entre ellos están César Acuña y Julio Guzmán. Asimismo, indicó que Keiko Fujimori tiene la mayor interacción con los cibernautas, pero de manera negativa en su mayoría; pese a ello, en segundo lugar está PPK seguido de Acuña. Se recibieron llamadas del público.|24/12/2015|2685.69||1421||Mario Shino|Julio Guzmán Cáceres|Positivo|2015-12
Web|Perú.com|peru.com|Susana Villarán sí participará en elecciones contra el fujimorismo|La exalcaldesa de Lima Susana Villarán, a través de su cuenta de Facebook, anunció que participará en las Elecciones 2016 , a pesar que dijo en reiteradas oportunidades que no lo haría.. “Seguiré conversando con líderes políticos para unir esfuerzos y evitar que el fujimontesinismo regrese, ahora encarnado en Keiko. Lo he hecho hasta hoy con César Acuña, con PPK, con Alfredo Barnechea, con Antero Flores Araoz, con Yehude Simon, con muchos líderes y lideresas de base de las izquierdas en el país. Hoy lo haré con Julio Guzmán”, continuó su anunció.|12/12/2015|1975.45||0||Susana María del Carmen Villarán de la Puente|Julio Guzmán Cáceres|Neutro|2015-12
Medio Impreso|La República|La República|El fujimorismo ya ganó- Marco Sifuentes|El día que Susana Villarán anunció que había renunciado a ¿Fuerza Social? ¿Únete? ¿Unidad Democrática? ¿Todo a la vez? Nuestra ex alcaldesa alegó que su principal motivación política era ""evitar que el fujimorismo regrese al gobierno de nuestro querido Perú"". Algunos interpretaron (quizás ella misma también) que eso significaba que así quedaba justificado su eventual pase a la organización de César Acuña. (...) Después de todo, el PPC ya ha sido aliado de PPK, de Acuña y de Solidaridad. ¿Y ahora compite contra ellos? En el papel puede verse como una alianza de la derecha institucional pero y esto lo percibe cualquier persona medianamente informada es simplemente una medida desesperada para pasar la valla.|16/12/2015|2376.63|283.57|0|5|Marcos Sifuentes|Julio Guzmán Cáceres|Neutro|2015-12
Televisión|Willax|Mira Quién Habla|Entrevista al director Hashtag, Pablo Bermúdez (Willax)|Entrevista. El director Hashtag, Pablo Bermúdez, comentó sobre el uso de las redes sociales en época electoral. Se refirió a los equipos de Pedro Pablo Kuczynski y Keiko Fujimori.|17/12/2015|3800||475||Pablo Bermúdez|Julio Guzmán Cáceres|Neutro|2015-12
Medio Impreso|Correo|Correo|¿Usted entiende esto? - Juan Carlos Valdivia|Daniel Urresti era militar en actividad cuando fueron presidentes Alan García y Alberto Fujimori. Es durante el gobierno de García que a Urresti se le acusó de asesinar al periodista Hugo Bustíos. La señora Villarán -quien en su momento fue secretaria de la Comisión Nacional de Derechos Humanos- dice ser periodista, ha sido alcaldesa de Lima y ahora es candidata con Urresti. Villarán compartía asesoras con Nadine Heredia –jefa del partido de Urresti y Villarán-, las que almorzaban en Palacio y tomaban café en el Palacio Municipal. Con Nadine trabajaron por un tiempo Verónica Mendoza y Sergio Tejada que se han reunido con Marisa Glave y otros exregidores de Villarán para impulsar un proyecto de izquierda. De Villarán también fue socio Vladimiro Huaroc en Fuerza Social (fundada por el primero, pero que se la quedo la segunda). Hoy Huaroc es candidato a la vicepresidencia por el fujimorismo. Huaroc ha sido funcionario de este gobierno en la PCM, donde compartió labores con Julio Guzmán, también exfuncionario de este gobierno y autodenominado “outsider”. Otra socia de Villarán ha sido Anel Townsend, quien ahora es candidata con Acuña; PPK ha sido premier de Toledo.|23/12/2015|1252.88|131.5|0|11|Juan Carlos Valdivia|Julio Guzmán Cáceres|Neutro|2015-12
Medio Impreso|La República|La República - Suplemento Domingo|Promesas 2016 - Renato Cisneros|Ver de una vez por todas «El Despertar de la Fuerza» y dejar de sufrir los comentarios sembrados en las redes por maliciosos spoilers que no se compadecen de los fans de «Star Wars» que no hemos podido ver aún el nuevo episodio de la saga. He leído por ahí que muere Han Solo. Espero que se trate de una broma. Festejar con moderación los cuarenta años de mi nacimiento y, al hacerlo, colgar simbólicamente los chimpunes de los viejos desbandes con que antes solía homenajear esa efeméride. Casarme con Natalia delante de un código civil y, dos días después, delante de una gran cruz, y bailar el vals con empeñoso decoro frente a los invitados, y luego brindar con ellos y allí sí ahondar en los excesos con que es menester celebrar los acontecimientos felices que uno juzga definitivos. No votar por Keiko, ni por Alan, ni por Acuña, ni por Urresti, ni por Toledo, ni por Ántero, ni por Belmont, ni por Gregorio Santos, ni por Yehude, ni por Reggiardo, ni por Nano, ni por Julio Guzmán, ni por Verónika Mendoza, ni por los otros pitufos. Ni en primera ni en segunda vuelta.|27/12/2015|2549.04|817.44|0|23|Renato Cisneros|Julio Guzmán Cáceres|Negativo|2015-12
Medio Impreso|La República|La República|Perú Wars: El Despertar a la Fuerza - Marco Sifuentes|¿Ya pasaron las náuseas, Perú? ¿O todavía seguimos contemplando con estupor ese chocolateo de lealtades, ese festival de traiciones, esa radiografía del subdesarrollo también conocida como la lista de las 17 planchas de candidatos a la presidencia y vicepresidencia de nuestro país? Más allá del gravol, veamos algunas conclusiones en borrador. –Algo inédito: hasta los pitufos son parte del elenco estable. No hay (casi) pitufos desconocidos. Belmont, Yehude, Nano, Ántero, Goyo, Barnechea o Urresti son personajes que tranquilamente podrían obtener 2%. No les serviría, por supuesto, para pasar la valla del 5%. Así, la mayor amenaza para Keiko Fujimori, en la primera vuelta, no se encuentra en ninguno de los otros 16 candidatos. Estos saben que 1) no tienen forma de desplazarla y 2) les convendría más jugar a ser el mal menor ante Keiko en la segunda vuelta.|23/12/2015|2452.21|292.79|0|5|Marcos Sifuentes|Julio Guzmán Cáceres|Neutro|2015-12
Medio Impreso|Expreso|Expreso|Presidenciales 2016: Desenlace impensado puede ocurrir - César Gutiérrez|Hacer conjeturas sobre lo que podrá suceder en las elecciones presidenciales y legislativas del 2016, a menos de cuatro meses de su realización, es una tarea prematura, sin embargo en los agentes económicos se habían internalizado dos ideas: que Keiko Fujimori estará de todas maneras en competencia en la segunda vuelta y que el contendor saldría de la terna: Pedro Pablo Kuczynski (PPK), César Acuña y Alan García. Muy lejana comenzaba a emerger la idea de un desconocido que se hace llamar ""el outsider"", Julio Guzmán.|29/12/2015|1454.7|237.84|0|13|César Gutiérrez Peña|Julio Guzmán Cáceres|Positivo|2015-12
Radio|Exitosa|Exitosa Noticias|Entrevista al analista político Luis Benavente (Exitosa)|Vía telefónica. El analista político Luis Benavente comentó acerca de la campaña electoral y sobre las últimas encuestas. Sobre este último punto, no descartó que se den cambios en los porcentajes. En ese sentido, destacó el ascenso del candidato presidencial Julio Guzmán como ejemplo. Asimismo, consideró que la ciudadanía busca a otras opciones. Finalmente, se refirió acerca de la integración de la exalcaldesa Susana Villarán a la fórmula de Daniel Urresti.|21/12/2015|1455.3||770||Luis Benavente Gianella|Julio Guzmán Cáceres|Positivo|2015-12
Televisión|RPP|Las 5 de las 7|Entrevista a los analistas políticos Mijael Garrido Lecca y Juan Sheput (RPP TV)|Tema: Proceso electoral en marcha. Para Mijael Garrido Lecca han habido un movimiento de alianzas políticas que parecían más bien un mercado de pases de fútbol. Asimismo, indicó que hay una nueva generación de votantes que los políticos están subestimando. Por su parte, Juan Sheput señaló que a diferencia de otras campañas, hoy en día no hay tanta polarización. Seguidamente, resaltó el crecimiento en las encuestas de Julio Guzmán y Verónika Mendoza.|31/12/2015|2582.96||778||Juan Manuel Sheput Moore|Julio Guzmán Cáceres|Neutro|2015-12
Medio Impreso|Trome|Trome|Twitter|A este paso creo que voy a votar por Julio Guzmán, me parece la mejor opción, es preparado y no está acompañado de ladrones. Iván Becerra.|28/12/2015|439.86|18.31|0|2|Iván Becerra|Julio Guzmán Cáceres|Positivo|2015-12
Medio Impreso|El Comercio|El Comercio Cuerpo A|Un mundo para Julio|No tiene antivoto pero tampoco intención de voto: no llega al 1% en ninguna de las encuestas últimas. “Yo no le quito votos a ningún candidato"", me dice Julio Guzmán Cáceres (45). El statu quo es el mejor negocio para un montón de gente que está en el sistema. También he notado que mi entrada hace que algunos digan: ‘¿Y este tipo qué se cree?’” Pero lo primero que oí de ti fue que eras una suerte de mesías de CADE. “No me refiero a los empresarios sino a todo, a los que se creen dueños.|19/12/2015|56322.1|1589.23|0|8|Fernando Vivas Sabroso|Julio Guzmán Cáceres|Positivo|2015-12
Web|La República|larepublica.pe|Guerra Virtual - Eduardo Dargent|(...) Los parciales de otros candidatos lo atacaron con todo, tal vez temiendo los costos de su crecimiento o simplemente porque se cruzan en el espacio virtual. Los PPKausas señalando que era una suerte de PPK Pulpín. Los seguidores de Verónika Mendoza y otros colectivos de izquierda criticaron su supuesta postura no ideológica, de ser un derechista disfrazado. Varios levantaron versiones sobre su financiamiento millonario. . .Otros comentaristas discutían su ausencia de opiniones claras o informadas en temas como el matrimonio igualitario o la situación de Israel y Palestina. Y se cuestionó la supuesta ola, serían trucos de marketing y compra de publicidad. Fue tanto el movimiento que el genial El Panfleto tituló “Twitteros se independizan del Perú y llaman a 2da vuelta entre Julio Guzmán y Verónika Mendoza”..|19/12/2015|1014.43||0||Eduardo Dargent Bocanegra|Julio Guzmán Cáceres|Neutro|2015-12
Radio|Capital|Noche Abierta|Entrevista a Luis Benavente, director de Vox Populi (Capital).|En el programa Noche Abierta se presentó el director de Vox Populi, Luis Benavente, quien opinó sobre los próximos comicios generales del 2016, y las alianzas políticas. Asimismo, dio su parecer sobre los candidatos presidenciales Keiko Fujimori, Pedro Pablo Kuczynski, César Acuña, Alan García, Julio Guzmán y Alejandro Toledo. por su parte, el periodista Guillermo Giacosa manifestó que sacaron una nota en la cual dicen que Ricardo Belmont estaría financiando al candidato presidencial Julio Guzmán, pero al mismo tiempo incluyen en todo una nota sobre Lelio Balarezo. Giacosa dijo tener la impresión que Guzmán no tiene nada que ver con Balarezo. Llamada de los oyentes.|14/12/2015|9600.57||2799||Guillermo Giacosa|Julio Guzmán Cáceres|Positivo|2015-12
Radio|Capital|Noche Abierta|Entrevista a Luis Benavente, director de Vox Populi (Capital).|En el programa Noche Abierta se presentó el director de Vox Populi, Luis Benavente, quien opinó sobre los próximos comicios generales del 2016, y las alianzas políticas. Asimismo, dio su parecer sobre los candidatos presidenciales Keiko Fujimori, Pedro Pablo Kuczynski, César Acuña, Alan García, Julio Guzmán y Alejandro Toledo. por su parte, el periodista Guillermo Giacosa manifestó que sacaron una nota en la cual dicen que Ricardo Belmont estaría financiando al candidato presidencial Julio Guzmán, pero al mismo tiempo incluyen en todo una nota sobre Lelio Balarezo. Giacosa dijo tener la impresión que Guzmán no tiene nada que ver con Balarezo. Llamada de los oyentes.|14/12/2015|9600.57||2799||Luis Benavente Gianella|Julio Guzmán Cáceres|Neutro|2015-12
Medio Impreso|La República|La República|“Nosotros proponemos que la Policía vuelva a tener investigación”|Entrevista a Luis Thais Díaz. Dirigente de Perú Posible, integrante del equipo que desarrolló el plan de gobierno que presenta esta agrupación para la campaña presidencial. - Julio Guzmán, candidato de Todos Por el Perú, dijo que el ex presidente Alejandro Toledo plagió su plan en la CADE. Que me diga a mí en mi cara que este es el plan de gobierno de él. No lo conozco, no tiene experiencia ni capacidad de gestión. Esto lo he escrito yo.|15/12/2015|3174.44|540.6|0|9|Luis Thais Díaz|Julio Guzmán Cáceres|Negativo|2015-12
Televisión|Canal ATV Plus|Hora Clave|Entrevista al analista político Eugenio D'Medina (ATV+)|Entrevista. El analista político Eugenio D'Medina comentó sobre la coyuntura política. En ese sentido, señaló que a Alan García no le suma mucho la alianza con el PPC. De otro lado, indicó que la presencia de Mercedes Aráoz en la plancha presidencial de Pedro Pablo Kuczynski no le añade algo distinto. Sobre el fujimorismo, consideró que hay un entorno dentro de Fuerza Popular que está manipulando a Keiko Fujimori. En cuanto a César Acuña, sostuvo que de todos los candidatos es el que más deseos tiene de ganar, y eso lo hace un candidato muy potente. Añadió que en un país con mucho analfabetismo, acusarlo de no saber leer le favorece. De Daniel Urresti opinó que es el candidato enviado para ensuciar la campaña, y lo comparó como un “perro callejero enfermo con la rabia”. En otro momento, refirió que Alejandro Toledo puede ser sobrepasado muy pronto por Verónika Mendoza o Ántero Flores-Aráoz. Finalmente, pidió que algunos de los candidatos ponga en agenda el tipo de Poder Judicial que necesitamos.|18/12/2015|7160||1432||Eugenio D´Medina Lora|Julio Guzmán Cáceres|Neutro|2015-12
Web|El Comercio|elcomercio.pe|Las fórmulas del 2016 - Hugo Guerra|En cuanto a Alfredo Barnechea, es mucho candidato para un partido querido pero maltratado como Acción Popular. Los demás postulantes pequeños, Ántero Flores-Aráoz, Renzo Reggiardo y Julio Guzmán quizá en el 2021 sean una opción...Así, solo quedan tres opciones razonables: PPK ofrece una alternativa interesante y viable, pese a la presencia de gente de tercer nivel en su lista. Keiko Fujimori es también atendible porque, aunque cueste decirlo, ella no es lo mismo que su corrupto padre. Además, cuenta con el apoyo de un hombre muy valioso como José Chlimper, aunque la participación de Vladimiro Huaroc es absurda, lo mismo que el maltrato a personalidades como Martha Chávez.|28/12/2015|5994.53||0||Hugo Guerra Arteaga|Julio Guzmán Cáceres|Negativo|2015-12
Medio Impreso|La República|La República|Villancicos políticos de esta Navidad - Augusto Álvarez Rodrich|El final del año llega con Keiko Fujimori a la cabeza y la pelea por el segundo lugar entre Pedro Pablo Kuczynski y César Acuña, mientras los ex presidentes Alan García y Alejandro Toledo se van rezagando. (...) A su vez, con una imagen muy mellada por los narcoindultos, Alan García seguramente buscará –ahora en insólita sociedad con Lourdes Flores– revertir el empequeñecimiento de su candidatura (hoy en solo 5%, según GfK) exhibiendo liderazgo y habilidad en la movida electoral, mientras que un desconcertante Toledo –ya en 3%–, se desliza al pelotón de los candidatos hasta ahora menores como Verónika Mendoza (2%), Julio Guzmán (2%), Daniel Urresti (2%) y Renzo Reggiardo (1%).|20/12/2015|1904.86|241.48|0|7|Augusto Álvarez Rodrich|Julio Guzmán Cáceres|Neutro|2015-12
Web|Perú 21|peru21.pe|César Acuña descartó incorporación de Susana Villarán a su agrupación política|El candidato presidencial de Alianza para el Progreso, César Acuña, descartó hoy una eventual incorporación de la exalcaldesa de Lima, Susana Villarán a su agrupación política las elecciones generales de 2016...(...) El candidato presidencial de Alianza para el Progreso, César Acuña, descartó hoy una eventual incorporación de la exalcaldesa de Lima, Susana Villarán a su agrupación política las elecciones generales de 2016.|13/12/2015|1874.83||0||Susana María del Carmen Villarán de la Puente|Julio Guzmán Cáceres|Neutro|2015-12
Radio|Radio Nacional|Nacional en la Noticia|Entrevista al congresista Mesías Guevara Amasifuén (Nacional)|Entrevista. El congresista Mesías Guevara Amasifuén, precandidato presidencial por Acción Popular (AP), exigió a los postulantes al Sillón de Pizarro a informar a la población cuáles son sus propuestas para combatir la impunidad. Indicó que esto es importante al considerar que la impunidad es la madre de la corrupción, flagelo que “engendra a la pobreza, inseguridad ciudadana y todos los males habidos y por haber”. En “Desde la radio”, destacó que todos los proyectos de ley que presentó durante su labor parlamentaria estuvieron inspirados en las enseñanzas legadas por sus líderes políticos Fernando Belaunde Terry y Valentín Paniagua Corazao. Más adelante, informó que la Oficina Nacional de Procesos Electores supervisará las elecciones internas de AP este domingo 20 de diciembre. Finalmente, sostuvo que él no tiene tanta plata como César Acuña Peralta para llevar con holgura una campaña electoral. “Tengo dinero para vivir con dignidad, pero no para comprar conciencias”, sentenció Guevara.|17/12/2015|869.2||820||Alberto Ku King|Julio Guzmán Cáceres|Positivo|2015-12
Televisión|RPP|Las 5 de las 7|Entrevista a los analistas políticos Ángel Delgado y Jorge Nieto sobre los candidatos con más likes en el Facebook (RPP TV)|Conozca quiénes son los candidatos con más likes en el Facebook. Sobre el particular, el analista político Ángel Delgado aclaró que Julio Guzmán aparece en cuarto lugar en las redes sociales, pero no aparece en las encuestas. A su turno, el politólogo Jorge Nieto señaló que ahora las redes sociales construyen argumentos que se convierten en consignas. Además, señaló que los seguidores de Keiko Fujimori en redes sociales son muy descalificadores, los de PPK y Alan García son más estructurados y en el caso de César Acuña “uno ve que hay plata como cancha”.|18/12/2015|3275.22||741||Ángel Guillermo Delgado Silva|Julio Guzmán Cáceres|Neutro|2015-12
Web|El Comercio|elcomercio.pe|Las encuestas a un paso de entrar al año electoral|Solo un candidato ha logrado ganar la presidencia, en las últimas tres elecciones, luego de haber liderado la intención de voto en diciembre. Fue Alejandro Toledo en el 2001. Ni Lourdes Flores ni Luis Castañeda pudieron celebrar una victoria en el 2006 y 2011, respectivamente. Toledo, quien intentó regresar a Palacio, no pudo repetir el plato en los comicios pasados.|28/12/2015|5994.53||0||Luis Benavente Gianella|Julio Guzmán Cáceres|Neutro|2015-12
Web|La República|larepublica.pe|El reto de pasar de ser el rey de Facebook a buscar ganar una elección presidencial|A casi cuatro meses de las elecciones generales, Guzmán y Verónika Mendoza tienen alta presencia digital. Al igual que Pedro Pablo Kuczynski, quien se mantiene como el candidato preferido de la red. Pero pese a esta tendencia digital se debe tener en cuenta que en la campaña del 2011 esto no fue suficiente y PPK no pasó a la segunda vuelta. Además, los últimos sondeos de intención de voto mantienen a Keiko Fujimori, Kuczynski y César Acuña entre los tres primeros en las preferencias de los peruanos.|25/12/2015|1014.43||1008||Miguel Antonio Ugaz Gaviño|Julio Guzmán Cáceres|Positivo|2015-12
Medio Impreso|Gestión|Gestión|Hay 11 millones de usuarios peruanos en Facebook en edad para votar|A casi cuatro meses de las elecciones, no será suficiente para los 18 candidatos recorrer diversos distritos y regiones del país o pintar las paredes con sus nombres. En la plataforma digital también se juegan los votos. “Existen 11 millones de peruanos en Facebook en edad de votar”, comenta Víctor Lozano, director de estrategia en Catalán Studio. Para Víctor Lozano, el candidato de Todos por el Perú, Julio Guzmán, es quien mejor gestionó el canal digital. Lozano y Linares coincidieron en que, técnicamente, los cinco primeros candidatos dan un uso adecuado a sus redes sociales. No obstante, no hay buena práctica de la comunicación en algunos casos. “Acuña es el candidato de la educación. PPK de la inversión. ¿Pero qué hay de Alan o Keiko?”, finalizó Lozano.|28/12/2015|8460.54|663.72|0|26|Freddy Linares|Julio Guzmán Cáceres|Neutro|2015-12
Web|La República|larepublica.pe|El 36% de peruanos todavía no deciden por quién votarán el 2016|¿Quiénes podrían aprovechar? Para Luis Benavante, el porcentaje de los indecisos revela que existe en el país “mucho malestar y desengaño por la política”, situación que se agrava por la participación de varios candidatos que tienen serios cuestionamientos.. .“Hay una demanda de cambio bien fuerte”, agrega Benavente y considera que el respaldo que viene obteniendo César Acuña podría explicar, en parte, esa atmósfera de descontento y exigencia de nuevas ofertas electorales.|21/12/2015|1014.43||0||Luis Benavente Gianella|Julio Guzmán Cáceres|Neutro|2015-12
Medio Impreso|Perú 21|Perú 21|Sumas y restas - Sandro Venturo|Las campañas están en curso a pesar de los candidatos. Por su comportamiento de las semanas anteriores, parecía que estaban esperando enero para recién entrar en carrera. Se les veía tranquilos con las encuestas. Pero se vieron obligados a reaccionar ante la emergencia de Acuña. Keiko Fujimori preferiría el silencio. Ha trabajado con éxito por todo el país para reconectar con los jó- venes y los pobres. (...) PPK debió comenzar su campaña mucho antes. Quiso guardar la sorpresa para el verano y fue sorprendido antes. Debió ganar tiempo, presentándose allí donde no lo conocen, en los sectores más pobres del campo y la ciudad. (...) Alan ya no va solo. Su candidatura tiene apellido compuesto: “García-Flores”. (...) Toledo es un chiste. Los demás todavía no cuentan. Guzmán y Mendoza deben empeñarse en lograr la mejor performance en dirección a las elecciones de 2021. Si se hacen conocidos en estas elecciones con sus propuestas, avanzan.|19/12/2015|2972.85|253.3|0|5|Sandro Venturo Schultz|Julio Guzmán Cáceres|Neutro|2015-12
Medio Impreso|Correo|Correo|Tweet - Cecilia Blume|""Julio Guzmán dice que ha sido viceministro dos veces. Favor ¿de qué y cuánto tiempo y con quién?"".|24/12/2015|172.15|18.92|0|4|Cecilia Blume Cilloniz|Julio Guzmán Cáceres|Negativo|2015-12
Radio|Exitosa|Exitosa Noticias|Entrevista al analista político, José Alejandro Godoy (Exitosa)|Entrevista. El analista político José Alejandro Godoy hizo un balance de los últimos acontecimientos en el gobierno. En primer lugar, indicó que el presidente Ollanta Humala desearía que su candidato resalte y podría explicarse su reacción ante las críticas. Asimismo, opinó sobre el spot de campaña de 'Nano' Guerra García, como deberá conectar Julio Guzmán con la población más allá de las redes sociales, la no inclusión de sendos representantes fujimoristas de la plancha congresal de Fuerza Popular y calificó a la Ley Universitaria como óptima para el sector educativo. Se recibieron llamadas del público.|31/12/2015|2848.23||1507||José Alejandro Godoy|Julio Guzmán Cáceres|Neutro|2015-12
Medio Impreso|Diario Uno|Diario Uno|Indecisos; la mayoría - César Lévano|La encuesta de GfK publicada ayer en La República muestra que Keiko Fujimori sigue en la punta de la intención de voto, pero ha bajado dos puntos: de 32 a 30 por ciento. Hay, en cambio, un 36 por ciento que aún no decide su voto o indica que votaría en blanco o viciado. Alan García, después de su publicitada alianza con el PPC, sigue hundiéndose. Ahora está en cinco por ciento, frente al 11 de PPK, el 8 de César Acuña y el 3 de Alejandro Toledo. Bajo el rubro de Otros, con dos por ciento cada uno, aparecen Verónika Mendoza, Julio Guzmán y Daniel Urresti. Más abajo, con 0.2 por ciento, queda Ántero Flores-Aráoz.|21/12/2015|2292|240.65|0|2|César Lévano|Julio Guzmán Cáceres|Neutro|2015-12
Medio Impreso|La Razón|La Razón|En enero empezará ""una lucha frontal""|Los próximos meses de campaña electoral se caracterizarán por ser una ""lucha frontal"" por conquistar el segundo lugar de las preferencias electorales, en las que el factor Daniel Urresti jugará un rol importante, manifestó el analista político, Luis Benavente. En declaraciones a la Agencia Andina, el analista sostuvo que la diferencia de voto entre Keiko y el resto de sus rivales provocará que estos enfoquen esfuerzos en conquistar una segunda posición y llegar a segunda vuelta. ""Se van a concentrar en una lucha frontal por el segundo lugar porque lo otro (buscar el primer lugar) va a llevar a un desgaste demasiado grande y las posibilidades son mínimas"", precisó. Por tanto, indicó que Pedro Pablo Kuczynski, Alan García, César Acuña y Alejandro Toledo, concentrarán sus estrategias en confrontar con sus oponentes directos para sumar más votos y alcanzar la segunda vuelta.|18/12/2015|1178|200.53|0|4|Luis Benavente Gianella|Julio Guzmán Cáceres|Neutro|2015-12
Televisión|Canal N|N Noticias|Predicciones para el 2016 (Canal N)|Videntes pronostican resultados de las próximas elecciones. Luisa la Diosa del Amor y Ana Shura coincidieron que Keiko Fujimori será la nueva presidenta. Por su parte, Leandro López aseveró que Keiko pasará a segunda vuelta con alguien que podría ser César Acuña o Julio Guzmán. Añadió que Pedro Pablo Kuczynski se queda en primera vuelta y Alan García debe cuidar su salud el próximo año.|26/12/2015|9310||665||Leandro López|Julio Guzmán Cáceres|Positivo|2015-12
Web|La República|larepublica.pe|“Nosotros proponemos que la Policía vuelva a tener investigación”|Entrevista. Luis Thais Silva, dirigente del Perú Posible. (...) Julio Guzmán, candidato de Todos Por el Perú, dijo que el ex presidente Alejandro Toledo plagió su plan en la CADE.. .Que me diga a mí en mi cara que este es el plan de gobierno de él. No lo conozco, no tiene experiencia ni capacidad de gestión. Esto lo he escrito yo.|15/12/2015|1014.43||0||Luis Thais Díaz|Julio Guzmán Cáceres|Negativo|2015-12
Web|Publimetro|publimetro.pe|Susana Villarán anuncia que participará en las elecciones 2016|En un comunicado difundido en su cuenta de Facebook, defendió su decisión ante la posibilidad de que el fujimorismo vuelva a ser gobierno. (...)“Lo he hecho hasta hoy con César Acuña, con PPK, con Alfredo Barnechea, con Ántero Flores-Aráoz, con Yehude Simon, con muchos líderes y lideresas de base de las izquierdas. Hoy lo haré con Julio Guzmán. Persistiré en ello”, agregó.|12/12/2015|133.02||0||Susana María del Carmen Villarán de la Puente|Julio Guzmán Cáceres|Neutro|2015-12
Web|La República|larepublica.pe|Perú Wars: El Despertar a la Fuerza - Marco Sifuentes|–Alfredo Barnechea tiene suficientes contactos en los medios como para obtener valiosos minutos de exposición en televisión. Si hay un nicho de votantes que busca a alguien que “hable bonito” pero no quiere votar por el candidato de los narcoindultos, aquí tiene a su hombre. La verdad, si lo pusieran a debatir con gente como Acuña, Barnechea quedaría como Churchill. Con un equipo de campaña sólido, también podría pasar la valla.|23/12/2015|1014.43||0||Marcos Sifuentes|Julio Guzmán Cáceres|Neutro|2015-12
Medio Impreso|Perú 21|Perú 21|Alberto ya no puede luchar contra Keiko|Entrevista a Fernando Tuesta Soldevilla, analista electoral. Pero el gran bastión de votantes del fujimorismo son los que apoyaron el régimen de Alberto Fujimori, donde brillaron los congresistas ahora apartados... Keiko no ha dejado de ser fujimorista. No ha renegado de su padre. Además, cuando uno toma distancia de un candidato, va por otro. Y yo no creo que un fujimorista que se sienta muy identificado con el gobierno de Alberto Fujimori vaya a votar por PPK, por Acuña, por Alan García, por Toledo. Por último, se morderán la lengua, pero votarán por el fujimorismo. (...) Históricamente (salvo Toledo en 2001), los candidatos presidenciales que en diciembre punteaban en las encuestas no terminaron bien la elección. ¿No podría pasar lo mismo con Keiko? En el Perú no hay que descartar nada, pero es bien difícil. ¿Tampoco descartaría que surja un outsider? Es posible que aparezca, pero no necesariamente va a ocurrir... Julio Guzmán se está preparando hace más de dos años, Alfredo Barnechea es una persona muy preparada, pero eso no es suficiente. Me parece mucho más difícil que los demás logren subir en las encuestas.|31/12/2015|21361.72|2237.5|0|10|Fernando Tuesta Soldevilla|Julio Guzmán Cáceres|Neutro|2015-12
Web|Trome|trome.pe|Elecciones 2016: Keiko Fujimori y Alan García bajan en encuesta|La última encuesta nacional urbano rural de GFK arrojó que Keiko Fujimori (Fuerza Popular) y Alan García (Apra-PPC) bajaron ligeramente en su intención de voto con miras a las Elecciones 2016. En tanto, Pedro Pablo Kuczynski (PPK) y César Acuña (Alianza Para el Progreso) subieron.|20/12/2015|1979.63||0||Hernán Chaparro|Julio Guzmán Cáceres|Neutro|2015-12
Web|Perú 21|peru21.pe|Alditus was right! - Aldo Mariátegui|(...) Sigamos con las arcadas como cancha: ¿qué hace un rojo de toda la vida como Huaroc con Keiko? ¿Qué hace una roja supuestamente consecuente como Rosa Mavila aliada con Yehude “Baguazo” Simon, divisionista de la izquierda y ex aliado aprista, ppkausa y toledista, amén de preso por vínculos con el MRTA? ¿Qué hace el maoísta de Patria Roja Gregorio Santos de aliado del fonavista Andrés Alcántara después de que este maltrató así al siomista García Núñez y todo ese sector de viejos de la izquierda? ¿Qué hace Lourdes Flores al lado de Alan después de que ella, a comienzos de los 90, probara todas las acusaciones contra este por BCCI, Mirages, etc…? ¿Qué hace un jurista respetable como Marco Ibazeta de compañero de fórmula de Belmont? ¿Qué hace un religioso como el pastor Lay al lado de un tipo como Acuña? ¿Tan desesperado está Solidaridad para no ir a la baja que recurre al recién choteado ‘Nano’? ¿Reggiardo, Barnechea, Guzmán, Pancho Diez Canseco y Popy creen de verdad que tienen alguna chance? ¿De dónde ha sacado Popy ese extravagante corte de pelo medieval?|22/12/2015|1874.83||0||Aldo Mariátegui Bosse|Julio Guzmán Cáceres|Negativo|2015-12
Web|Perú 21|peru21.pe|Alfredo Ferrero: La danza de las alianzas|(...) Acuña incorporó como aliados electorales a algunos movimientos regionales y Somos Perú (Andrade). El PPC (en crisis) viene coqueteando con el Apra hace tiempo: Alan y Lourdes bailando marinera y lanzándose piropos. Parece que Lourdes irá a la vicepresidencia, podrían ser un cogobierno. Alan perdió a Kouri (Chim Pum Callao) en este juego de alianzas. Creo que el Apra y el PPC pueden complementarse bien. ¿Alcanzará?..Varios van solos. Los que tienen opción de pasar a segunda vuelta son Keiko y PPK. Keiko viene trabajando con jóvenes profesionales, nuevos en política, tratando de darle otra cara a su movimiento, pero la experiencia en política también es valiosa, la mixtura es lo ideal. PPK, tras su experiencia de alianza con Acuña, Yehude y PPC, ha preferido fortalecer su partido.|17/12/2015|1874.83|605.58|0||Alfredo Ferrero Diez-Canseco|Julio Guzmán Cáceres|Neutro|2015-12
Televisión|Canal N|N Portada|Exministro Chiabra e internacionalista Ramiro Escobar opinaron sobre dichos de Alejandro Toledo y Carlos Raffo (Canal N)|El candidato presidencial de Perú Posible, Alejandro Toledo, se definió como “un hombre de familia” al querer cambiar el sentido de una declaración suya sobre la unión civil entre homosexuales (“Yo soy hombre, hermano”). Además, dijo que no juzga a las personas por su orientación sexual. Su primera declaración fue criticada enérgicamente por el legislador Carlos Bruce. De otro lado, Carlos Raffo presagió que la lideresa fujimorista Keiko Fujimori no pasará a la segunda vuelta. .El exministro de Defensa Roberto Chiabra dijo haber entendido que el exmandatario defiende a la familia tradicional compuesta por varón y mujer. Además, dijo que los candidatos deben ser muy cautos en sus respuestas porque de inmediato pueden surgir críticas..Por su parte, el internacionalista Ramiro Escobar dijo que es políticamente penoso que solo la candidata Verónika Mendoza hable con claridad sobre el tema de la unión civil (comparando con lo dicho por los candidatos Julio Guzmán y Pedro Pablo Kuczynski). Sobre lo dicho por Carlos Raffo, el exministro Chiabra dijo creer que Keiko Fujimori si pasará a la segunda vuelta y allí podría ganar si hace cambios en su organización política. Por su parte, Ramiro Escobar dijo que es un “delirio” creer que Keiko Fujimori se está yendo a la izquierda, aunque sí se estaría “desalbertizando” (en referencia a su padre).|10/12/2015|17052||1218||Ramiro Escobar|Julio Guzmán Cáceres|Neutro|2015-12
Radio|Exitosa|Exitosa Noticias|Entrevista al secretario de Defensa de la Federación de Estudiantes del Perú, Enrique Rodríguez (Exitosa)|Entrevista. El secretario de Defensa de la Federación de Estudiantes del Perú, Enrique Rodríguez, cuestiona Nueva Ley Universitaria, pues indica que no hay transparencia ni nada de lo que se ofreció al principio de este dictamen. “Pido tener un contacto con Verónika Mendoza, PPK, Julio Guzmán para saber cuales son sus propuestas para las universidades”, precisó. Durante la entrevista, se informó que según la Sunedu mañana vence el plazo para que los rectores, vicerectores y decanos que todavía persisten en mantenerse en sus cargos tengan que dejarlos.|30/12/2015|3963.33||2097||Enrique Rodriguez |Julio Guzmán Cáceres|Neutro|2015-12
Web|Andina|andina.com.pe|Susana Villarán anuncia que participará en las elecciones 2016|La exalcaldesa de Lima Susana Villarán anunció hoy que participará en las elecciones generales del 2016, luego de haber presentado esta semana su renuncia a las filas de Fuerza Social, partido con el que llegó a la alcaldía capitalina. (...) ""Lo he hecho hasta hoy con César Acuña, con PPK, con Alfredo Barnechea, con Ántero Flores-Aráoz, con Yehude Simon, con muchos líderes y lideresas de base de las izquierdas. Hoy lo haré con Julio Guzmán. Persistiré en ello"", agregó.|12/12/2015|98.6||0||Susana María del Carmen Villarán de la Puente|Julio Guzmán Cáceres|Neutro|2015-12
Medio Impreso|Diario Uno|Diario Uno|Sacar la segunda vuelta - César Lévano|Pasar a la segunda vuelta en las elecciones presidenciales del 2016 es el sueño de candidatos como Pedro Pablo Kuczynski y César Acuña. Alan García y Alejandro Toledo están demasiado abajo en las encuestas como para aspirar a ese segundo round (...) ""Quizá en enero o febrero veamos a Julio Guzmán, Renzo Reggiardo o Verónika Mendoza entrar a la pelea por el segundo puesto"", manifestó Benavente. (...) El análisis de Benavente no toma en cuenta a Alfredo Barnechea, recién lanzado como candidato de Acción Popular, el partido de Fernando Belaunde, Más allá de inclinaciones personales, considero que Barnechea, hombre de centro, y Verónika Mendoza, candidata de los sectores progresistas, presentan las propuestas más sólidas y coherentes, con mayor sentido social.|29/12/2015|2330.2|244.16|0|2|Luis Benavente Gianella|Julio Guzmán Cáceres|Positivo|2015-12
Medio Impreso|Gestión|Gestión|Hay 11 millones de usuarios peruanos en Facebook en edad para votar|A casi cuatro meses de las elecciones, no será suficiente para los 18 candidatos recorrer diversos distritos y regiones del país o pintar las paredes con sus nombres. En la plataforma digital también se juegan los votos. “Existen 11 millones de peruanos en Facebook en edad de votar”, comenta Víctor Lozano, director de estrategia en Catalán Studio. Para Víctor Lozano, el candidato de Todos por el Perú, Julio Guzmán, es quien mejor gestionó el canal digital. Lozano y Linares coincidieron en que, técnicamente, los cinco primeros candidatos dan un uso adecuado a sus redes sociales. No obstante, no hay buena práctica de la comunicación en algunos casos. “Acuña es el candidato de la educación. PPK de la inversión. ¿Pero qué hay de Alan o Keiko?”, finalizó Lozano.|28/12/2015|8460.54|663.72|0|26|Víctor Lozano|Julio Guzmán Cáceres|Positivo|2015-12
Televisión|Willax|Redes y Poder |Entrevista al dirigente de Perú Posible, Luis Thais (Willax)|El dirigente de Perú Posible, Luis Thais señaló que no ha escuchado hablar sobre el candidato Julio Guzmán y negó que Perú Posible haya plagiado su plan de Gobierno. De otro lado, señaló que las encuestas reflejan las alianzas y los jales de los partidos. Luego resaltó los temas más importantes del plan de Gobierno de Perú Posible.|15/12/2015|9160||1145||Luis Thais Díaz|Julio Guzmán Cáceres|Neutro|2015-12
Medio Impreso|Perú 21|Perú 21|Por favor, desconectar - Beto Ortiz|Hoy, sin embargo, como me tocaba escribir, sucumbí a la tentación, rompí el ayuno y me metí a curiosear qué había pasado en mi país en tan prolongada ausencia. (...) Me encontré con que sujetos de la catadura del nefasto Popy Olivera, el matacabros Ricardo Belmont y el tirapiedra Goyo Santos inscribieron sus candidaturas presidenciales. Con que la reina de las malaguas Susana Villarán es ahora la vice de Urresti, con que la suprema arribista Anel Townsend logró trepar hasta vice de Acuña y la regia de regias, la tremenda jueza Carolina Lizárraga, es la nueva amiwi de Forever Alone Guzmán. (...) Ya se sabe que la Constitución establece que cualquier huevada puede postular, pero tampoco se maleen así, por mi madre-.Qué papelón. Que el siniestro ministro de Justicia del Cholo Sagrado, el inenarrable Olivera, la haya librado después de sus archiconocidas tropelías y conspiraciones contra Beatriz Merino, contra Cipriani y contra medio Perú, que hayan pasado piolaza sus nunca investigadas movidas “empresariales” cuando era embajador en España , vaya y pase.|27/12/2015|7873.74|748.68|0|11|Humberto Martín Ortiz Pajuelo|Julio Guzmán Cáceres|Neutro|2015-12
Medio Impreso|El Comercio|El Comercio Cuerpo A|Miss Universo: Todo es ""Armani"" - Pedro Canelo|No creo que las disculpas del cómico Steve Harvey, minutos después de convertir a la colombiana Adriana Gutiérrez en una reina breve por casi dos minutos. Mucho menos en ese repentino desliz al leer las tarjetas del jurado. Tampoco le creo al jurado. Armar escándalos para llamar la atención no es ’made in Perú’ ni mucho menos un recurso de reciente uso. Que no sorprenda ver más escándalos 'armani' no solo en la farándula sino en la misma política. Ya los candidatos presidenciales están avisados. No se sorprenda, lector, si vemos un desmayo de Susana Villarán, una caída del estrado de PPK, un olvido de discurso de Acuña o hasta una pelea casi marital entre Alan y Lourdes. Ya si Julio Guzmán salta como ’Zumba’, capaz sube al 5%. Pero no crea, todo es y será ’armani’. Es la fórmula ganadora.|24/12/2015|1733.88|270.29|0|20|Pedro Canelo|Julio Guzmán Cáceres|Neutro|2015-12
Web|Correo|diariocorreo.pe|2016: Un año de definiciones - Juan Carlos Valdivia|(...) Hay una vasta oferta electoral, dispersa, que debió consolidarse en una o dos propuestas. Pero cuando tenga que elegir su candidato, escoja entre aquellos que nos garanticen que no se desandará lo andado, que nos afirmen que los cambios que proponen son para consolidar el modelo económico y no para implantar uno diferente. Hay de donde escoger, desde PPK o Alan García, pasando por Keiko Fujimori, Julio Guzmán, Ántero Flórez, Alfredo Barnechea y quizá César Acuña.|30/12/2015|702.1||0||Juan Carlos Valdivia|Julio Guzmán Cáceres|Neutro|2015-12
Web|Perú 21|peru21.pe|Una foto de la carrera electoral - Sandro Venturo|(...) PPK debió comenzar su campaña mucho antes. Quiso guardar la sorpresa para el verano y fue sorprendido antes. Debió ganar tiempo, presentándose allí donde no lo conocen, en los sectores más pobres del campo y la ciudad. Es curioso, sin embargo, que el candidato más longevo atraiga a los jóvenes que buscan a un político con solvencia profesional y experiencia de gobierno. Pero ahora está claramente a la defensiva.|19/12/2015|1874.83||0||Sandro Venturo Schultz|Julio Guzmán Cáceres|Neutro|2015-12
Medio Impreso|Correo|Correo|2016: Un año de definiciones - Juan Carlos Valdivia|E l siglo XXI ha sido generoso con el Perú. A pesar de la crisis institucional que vivimos y de una sociedad en permanente cambio, la economía ha crecido, los negocios se han desarrollado y hemos retirado a más del 30% de la población de la pobreza. (...) Hay una vasta oferta electoral, dispersa, que debió consolidarse en una o dos propuestas. Pero cuando tenga que elegir su candidato, escoja entre aquellos que nos garanticen que no se desandará lo andado, que nos afirmen que los cambios que proponen son para consolidar el modelo económico y no para implantar uno diferente. Hay de donde escoger, desde PPK o Alan García, pasando por Keiko Fujimori, Julio Guzmán, Ántero Flórez, Alfredo Barnechea y quizá César Acuña.|30/12/2015|1233.75|129.24|0|11|Juan Carlos Valdivia|Julio Guzmán Cáceres|Neutro|2015-12
Medio Impreso|Perú 21|Perú 21|La danza de las alianzas - Alfredo Ferrero|El 12 de diciembre se cumplió el plazo para inscribir las alianzas. Se han constituido tres alianzas. (...) Acuña incorporó como aliados electorales a algunos movimientos regionales y Somos Perú (Andrade). El PPC (en crisis) viene coqueteando con el Apra hace tiempo: Alan y Lourdes bailando marinera y lanzándose piropos. (...) Varios van solos. Los que tienen opción de pasar a segunda vuelta son Keiko y PPK. (...) La izquierda deberá unificar si aspira a algo y Solidaridad Nacional va con UPP, tiene presencia política con Castañeda en Lima (30% del electorado). Urresti le va a dar calor a la campaña (...) Acción Popular (partido histórico), Renzo Reggiardo, Ántero Flores-Aráoz, Julio Guzmán, Ricardo Belmont, Yehude Simon y otros de izquierda corren riesgo de perder inscripción.|17/12/2015|1439.42|168.19|0|8|Alfredo Ferrero Diez-Canseco|Julio Guzmán Cáceres|Neutro|2015-12
Web|La República|larepublica.pe|Villancicos políticos de esta Navidad - Augusto Álvarez Rodrich|El final del año llega con Keiko Fujimori a la cabeza y la pelea por el segundo lugar entre Pedro Pablo Kuczynski y César Acuña, mientras los ex presidentes Alan García y Alejandro Toledo se van rezagando.. .Es un momento interesante de la carrera porque se ingresa, durante las fiestas de fin de año, a un receso en que los candidatos revisan sus estrategias mientras los electores se ocupan de regalos y cenas, sabiendo que, desde enero, la carrera entrará a los momentos decisivos.|20/12/2015|1014.43|32.16|0||Augusto Álvarez Rodrich|Julio Guzmán Cáceres|Neutro|2015-12
Televisión|Capital|Contra Corriente |Entrevista a Jorge Rojas, especialista en marketing digital (Capital TV)|Entrevista. Jorge Rojas, especialista en marketing digital, analizó la llegada que tienen las redes Facebook y Twitter a la población peruana y comentó que Julio Guzmán es el candidato con más interacción en las redes sociales, a diferencia de lo que ocurre con los candidatos Keiko Fujimori y Pedro Pablo Kuczynski. Refiriéndose a los “memes” en lo que hay burla contra César Acuña, el especialista dijo que estos generan un efecto favorable al político. Mencionó que la última CADE generó muchas menciones de Alan García y César Acuña en redes.|21/12/2015|3538.5||1011||Jorge Rojas Orrillo|Julio Guzmán Cáceres|Positivo|2015-12
Televisión|Canal N|Con otros ojos |Entrevista a Mijael Garrido director de Altavoz (Canal N)|Entrevista. Mijael Garrido, director de Altavoz, comentó acerca de la coyuntura política. Con respecto a la alianza del PPC y el Apra, señaló que hoy el PPC tiene tantos “anticuchos” como lo tienen cualquier otro partido. También dijo que se podría ver como ave de mal aguero aliarse con el Partido Popular Cristiano. Con respecto a las declaraciones del presidente Ollanta Humala, quien calificó como ladrón de marca mayo al exmandatario Alberto Fujimori, indicó que dichas manifestaciones son consecuencia de una desesperación de parte de la pareja presidencial. Sobre el denominado fenómeno Acuña, señaló que el hecho de que Louis Favre asesore al candidato presidencial podría entrever que Acuña sea apoyado por el nacionalismo. Con respecto al candidato Julio Guzmán, manifestó que le gusta lo planteado en sus propuestas.|11/12/2015|16744||1288||Mijael Garrido Lecca|Julio Guzmán Cáceres|Positivo|2015-12
Medio Impreso|Del País|Del País|En enero empezará""lucha frontal"" por conquistar segundo ugar en encuestas|Los próximos meses de campaña electoral se caracterizarán por ser una ""lucha frontal’ por conquistar el segundo lugar de las preferencias electorales, en la que el factor Daniel Urresti jugará un rol importante, manifestó el analista político, Luis Benavente. El analista sostuvo que la diferencia entre la intención de voto de Keiko Fujimori (Fuerza Popular) y el resto de sus rivales de primera Iínea provocará que estos enfoquen sus esfuerzos en conquistar una segunda posición para, de ese modo, llegar a la segunda vuelta.|18/12/2015|1300.58|309.94|0|3|Luis Benavente Gianella|Julio Guzmán Cáceres|Neutro|2015-12
Medio Impreso|Diario Uno|Diario Uno|Keiko en su peor momento - Paco Moreno|La última entrega de la encuestadora GFK revela que Keiko Fujimori está en su peor momento en la intención de voto, al menos desde julio de este año. La hija del exdictador, la primera dama de la dictadura, bajó dos puntos y tiene 30% En setiembre había llegado a 34% y en julio tenía 31. (...) Seamos francos. El fujimorismo no es Keiko. El fujimorismo es el inquilino de la Diroes y Cuculiza, Salgado,Chávez, Aguinaga y otros. Si Keiko se apellidara Guzmán estaría ubicada, tal vez, en peor posición que Julio Guzmán. Keiko ha sida inflada por el poder fáctico para hacerle frente a Humala, quien ganó sin poder y luego se dejó vencer cuando tenía el poder en la mano. Ahora el poder táctico tiene varias opciones. Están PPK, Acuña, García. Cualquiera puede hacer una mejor labor que Keiko; pero tiene que mantenerla porque alguien le tiene que ganar en segunda vuelta. El poder láctico tiene ahora un abanico de posibilidades. Cualquiera de los que ahora van adelante cumple con sus expectativas,salvo la candidata que aún está en dos por ciento en la intención de voto y jaló para su plancha presidencial Alan Fairlie, un economista de altas cualidades y distinto a su tocayo García Falta mucho y las cosas pueden cambiar y si Verónika Mendoza, que tiene 2%. pasara a Toledo, quien en está en 3. se abriría un panorama distinto. Veremos.|21/12/2015|1442.05|151.3|0|6|Paco Moreno Tineo|Julio Guzmán Cáceres|Neutro|2015-12
