﻿Tipo|Medio General|Medio Específico|Título|Resumen|Fecha Emisión|Valorización|Cm2|Duración|Página|Personajes|Candidatos 2016|Tono|Mes Emisión
Web|La República|larepublica.pe|La cápsula de cianuro|Ingeniosas frases para la histeria política peruana:.El PPC ha firmado una alianza con la mafia. Daniel Urresti.|21/12/2015|1014.43||0||Augusto Álvarez Rodrich|Ricardo Belmont Cassinelli|Neutro|2015-12
Televisión|RBC Satelital|Boca a Boca|Entrevista a Héctor Vargas Haya (RBC)|Entrevista. Héctor Vargas Haya presentó su libro “Ante la historia: testimonio político”. Indicó que la política en el Perú nunca ha sido tan mala como en estos tiempos y una de las causas es que el Perú se ha quedado huérfano de instituciones. De otro lado, se mostró feliz de que Ricardo Belmont haya decidido postular a la presidencia de la República y elogió su plancha compuesta por Iván Dibós y Marcos Ibazeta|01/12/2015|4631.4||1395||Agustín Haya de la Torre|Ricardo Belmont Cassinelli|Positivo|2015-12
Medio Impreso|Perú 21|Perú 21|Los que no tienen plata también juegan - Carlos Basombrío Iglesias|En mi opinión, estos cuatro meses de la primera etapa de la campaña quedan teñidos por un vicio muy grave, que está alterando las condiciones mininas de igualdad para una contienda electoral. Me refiero al abuso del poder del dino para hacer campaña política encubierta usando los dineros de una universidad. (...) Hasta donde llego a saber, hay otros 12 candidatos presidenciales. ¿Cómo van a lograr que sus propuestas lleguen con efectividad y equidad si hay tal distorsión en la capacidad económica de hacer publicidad? Y, ojo, más allá de simpatías o mías, hay muchas candidaturas importantes que hoy están con 2% o menos. Se puede discrepar o coincidir con cada uno de ellos, pero es importante que se escuchen, también, las voces de Mendoza, Barnechea, Belmont, Flores-Aráoz, Reggiardo, Simon, Hilario y Guzmán.|20/12/2015|2902.34|247.02|0|5|Carlos Miguel Ramón Basombrío Iglesias|Ricardo Belmont Cassinelli|Positivo|2015-12
Web|Andina|andina.com.pe|En enero empezará ""lucha frontal"" por conquistar segundo lugar en encuestas|Los próximos meses de campaña electoral se caracterizarán por ser una ""lucha frontal"" por conquistar el segundo lugar de las preferencias electorales, en la que el factor Daniel Urresti jugará un rol importante, manifestó hoy el analista político, Luis Benavente. ""Se van a concentrar en una lucha frontal por el segundo lugar porque lo otro (buscar el primer lugar) va a llevar a un desgaste demasiado grande y las posibilidades son mínimas"", precisó. ..Por tanto, indicó que Pedro Pablo Kuczynski, Alan García, César Acuña y Alejandro Toledo, concentrarán sus estrategia de campaña en confrontar con sus oponentes directos para sumar más votos y alcanzar la segunda vuelta.|17/12/2015|98.6||0||Luis Benavente Gianella|Ricardo Belmont Cassinelli|Neutro|2015-12
Medio Impreso|Correo|Correo|Interesantes preguntas y partido maquillado - Luis Alfonso Morey|La reciente encuesta de CIT opinión y Mercado publicada ayer revela que frente a la pregunta sobre que candidato presidencial es el más honesto, los primero lugares ocupan Renzo Reggiardo y Ricardo Belmont, mientras que los últimos lugares los ocupan Keiko Fujimori, César Acuña, Alan García y Alejandro Toledo. Frente a la pregunta sobre qué candidato presidencial es el que más ha hecho por el Perú, las respuestas colocan en los primeros lugares a Alan García y a Ricardo Belmont. en tanto que en los últimos puestos aparecen Keiko Fujimori. Renzo Reggiardo, César Acuña y Verónika Mendoza. Los resultados en estos estudios dependen fundamentalmente de aquello que se pregunte. de la forma como se pregunte y de los candidatos que se incluyan y se excluyan de las cartillas.|17/12/2015|1214.62|127.74|0|11|Luis Alfonso Morey|Ricardo Belmont Cassinelli|Neutro|2015-12
Medio Impreso|La República|La República|Fotochek de apuestas riesgosas - Mriko Lauer|Lourdes Flores. Fue buscada para levantar los bonos del Apra, y si esos bonos no suben ella va a sufrir los reproches de los dos partidos. En verdad la pelea interna del PPC se va a decidir en abril 2016. Si su perspectiva es volver al Congreso, por cierto que será un premio menor. ¿Obtendrá el primer lugar en la lista? Ántero Flores-Aráoz. Se está jugando un huachito radical. Él mismo declara que está candidateando por el placer de la competencia democrática. Como una suerte de generoso aviso luminoso de sí mismo. ¿Quién convenció a este hombre afable de que cartelones con horribles amenazas de la mano dura funcionan para una elección? Fernando Olivera. La suya ni siquiera es una apuesta riesgosa, sino un gambito de pérdida segura. Cuatro meses de vacilón politico, quizás con el propósito de reinstalarse como hombre-denuncia en el mercado. Pero en esto la competencia es dura, y él parece un poco fuera de práctica. Quizás Alejandro Toledo lo puede necesitar.|27/12/2015|1375.29|240.09|0|4|Mirko Lauer|Ricardo Belmont Cassinelli|Neutro|2015-12
Web|La República|larepublica.pe|Promesas 2016|No votar por Keiko, ni por Alan, ni por Acuña, ni por Urresti, ni por Toledo, ni por Ántero, ni por Belmont, ni por Gregorio Santos, ni por Yehude, ni por Reggiardo, ni por Nano, ni por Julio Guzmán, ni por Verónika Mendoza, ni por los otros pitufos. Ni en primera ni en segunda vuelta.|27/12/2015|1014.43||0||Renato Cisneros|Ricardo Belmont Cassinelli|Negativo|2015-12
Medio Impreso|Expreso|Expreso|Chatos como cancha - Raúl Chanamé|La década del ochenta fue de los partidos (PAP, AP, IU y PPC), la crisis gubernamental hizo aparecer la antipolitica en los noventa con Belmont, Fujimori y Andrade, Cada uno de ellos triunfó por que se opuso a una hegemonía partidocrática. Tras la debacle fujimorista se anunció el fin de los outsaiders. No fue así. Surgió aluvional Toledo, Castañeda y el propio Humala; tras ellos, con el mismo empuje vendrían PPK y Acuña. La contradicción no era entre la derecha y la izquierda, sino entre lo tradicional y lo nuevo, entre el militante y el independiente. En CADE triunfó la antipolítica. Pues Acuña fracasó en su comunicación verbal con los empresarios, más en su comunicación no verbal para todos los peruanos fue efectivo, pues trasmitió: que no era de la clase política, que ellos lo subestiman intelectualmente y que lo rechazaban.|20/12/2015|1358.58|186.59|0|12|Raúl Chanamé Orbe|Ricardo Belmont Cassinelli|Neutro|2015-12
Medio Impreso|Diario Uno|Diario Uno|El voto inesperado - César Lévano|La encuestadora lmasen halló una sorpresa en su sondeo llevado a cabo entre el 26 de noviembre y el 1 de diciembre. A la pregunta: ¿usted votaría por alguien de izquierda para la presidencia de la República?"", 7.2 por ciento respondió: ""definitivamente sí"", y 19.5 declaró: ""probablemente sí"". En suma, un potencial 26.7 por ciento (...) Por lo demás, Imasen confirma en sus puestos a los candidatos favoritos de la Conferencia Anual de Empresarios (CADE). Keiko Fujimori está en la punta, con 33.2 por ciento. Le siguen PPK, con 15.4; César Acuña, con 10.9 y Alan García, con 8.6. Alejandro Toledo obtuvo 4.6 y Verónika Mendoza 2.0. En la lista que, bajo el rubro de otros, cosecha colectivamente 2.8 por ciento figuran Ántero Flores-Aráoz, Romulo Mucho, Miguel Hilario, Renzo Reggiardo, Julio Guzmán, Alfredo Barnechea, José Luna, Gonzalo García, Nono Guerra Garcia, Ricardo Belmont y Hernando de Soto|04/12/2015|2339.75|245.78|0|2|César Lévano|Ricardo Belmont Cassinelli|Neutro|2015-12
Televisión|RBC Satelital|Boca a Boca|Entrevista a José Saavedra, director de CIT Perú (Canal 11)|Entrevista. El director de la encuestadora CIT Perú, José Manuel Saavedra, presentó los resultados de la última encuesta que realizó CIT. La encuesta revela que Renzo Reggiardo obtiene el mayor porcentaje en cuanto a honestidad con 17.8% , seguido por Ricardo Belmont con 15.6% y Francisco Diez Canseco con 12%. Mientras que PPK queda en quinto lugar con 5%. En tanto Keiko Fujimori y César Acuña obtendrían 2%.|15/12/2015|2818.68||849||José Manuel Saavedra Molina|Ricardo Belmont Cassinelli|Positivo|2015-12
Televisión|RBC Satelital|Habla el Pueblo|La voz del pueblo, es la voz de Dios (Canal 11)|Entrevista. El director de la encuestadora CIT Perú, José Manuel Saavedra, presentó los resultados de la última encuesta que realizó CIT. Sobre la pregunta, por quién es el candidato que más a hecho por el Perú, el primer lugar obtiene Alan García con 16,8%, seguido por Ricardo Belmont con 13,5% y en tercera ubicación aparece PPK con 11%. La encuesta también revela que Renzo Reggiardo obtiene el mayor porcentaje en cuanto a honestidad con 17.8% , seguido por Ricardo Belmont con 15.6% y Francisco Diez Canseco con 12%. Mientras que PPK queda en quinto lugar con 5%. En tanto Keiko Fujimori y César Acuña obtendrían 2%. Luego, Saavedra apuntó que posterior al discurso del CADE y luego de las denuncias por violencia familiar, César Acuña registró un bajón de 4 puntos en las encuestas solo en Lima. Además, en cuento a la intensión de voto, Keiko Fujimori sigue liderando con 34.8%, seguida por PPK con 17.8%, dejando con 8% al líder del Apra, Alan García y la cuarta ubicación a César Acuña con 5,8%.|16/12/2015|5033.12||1516||José Manuel Saavedra Molina|Ricardo Belmont Cassinelli|Neutro|2015-12
Medio Impreso|La República|La República|Perú Wars: El Despertar a la Fuerza - Marco Sifuentes|¿Ya pasaron las náuseas, Perú? ¿O todavía seguimos contemplando con estupor ese chocolateo de lealtades, ese festival de traiciones, esa radiografía del subdesarrollo también conocida como la lista de las 17 planchas de candidatos a la presidencia y vicepresidencia de nuestro país? Más allá del gravol, veamos algunas conclusiones en borrador. –Algo inédito: hasta los pitufos son parte del elenco estable. No hay (casi) pitufos desconocidos. Belmont, Yehude, Nano, Ántero, Goyo, Barnechea o Urresti son personajes que tranquilamente podrían obtener 2%. No les serviría, por supuesto, para pasar la valla del 5%. Así, la mayor amenaza para Keiko Fujimori, en la primera vuelta, no se encuentra en ninguno de los otros 16 candidatos. Estos saben que 1) no tienen forma de desplazarla y 2) les convendría más jugar a ser el mal menor ante Keiko en la segunda vuelta.|23/12/2015|2452.21|292.79|0|5|Marcos Sifuentes|Ricardo Belmont Cassinelli|Neutro|2015-12
Medio Impreso|Exitosa|Exitosa Diario|Ricardo Belmont sale al ruedo electoral|El exalcalde de Lima, Ricardo Belmont Cassinelli, presentará mañana su candidatura presidencial en el distrito de Los Olivos, en una actividad que ha sido denominada como la ""Gran fiesta de la hermandad"".En diálogo con Exitosa, el vocero de la agrupación de Belmont Cassinelli, Harold ANa, adelantó que en dicho mitin se presentará a las personas que integrarán la plancha presidencial del conocido como ’Hermanón’: Iván Dibós, exjefe del Instituto Peruano del Deporte (IPD), y Mareos lbazeta, expresidente de la Sala Penal Antiterrorismo.|11/12/2015|1308.3|175.13|0|6|Harold Alva|Ricardo Belmont Cassinelli|Positivo|2015-12
Televisión|RBC Satelital|Habla el Pueblo|Entrevista a Electo Ceballos en el 29 Aniversario de RBC (Canal 11)|Entrevista. Electo Ceballos, comentó que Ricardo Belmont Cassinelli es un luchador que no se deja avasallar. De otro lado, refirió que el par de aventureros que gobiernan han destrozado al país, dejando las exportaciones por los suelos y se han quemado 25 mil millones de dólares. Además, comentó que es una vergüenza que el gas de Camisea se vende en otros países más barato que en el Perú.|22/12/2015|1620.16||488||Electo Ceballos|Ricardo Belmont Cassinelli|Positivo|2015-12
Web|Perú 21|peru21.pe|Alfredo Ferrero: La danza de las alianzas|(...) Acuña incorporó como aliados electorales a algunos movimientos regionales y Somos Perú (Andrade). El PPC (en crisis) viene coqueteando con el Apra hace tiempo: Alan y Lourdes bailando marinera y lanzándose piropos. Parece que Lourdes irá a la vicepresidencia, podrían ser un cogobierno. Alan perdió a Kouri (Chim Pum Callao) en este juego de alianzas. Creo que el Apra y el PPC pueden complementarse bien. ¿Alcanzará?..Varios van solos. Los que tienen opción de pasar a segunda vuelta son Keiko y PPK. Keiko viene trabajando con jóvenes profesionales, nuevos en política, tratando de darle otra cara a su movimiento, pero la experiencia en política también es valiosa, la mixtura es lo ideal. PPK, tras su experiencia de alianza con Acuña, Yehude y PPC, ha preferido fortalecer su partido.|17/12/2015|1874.83|605.58|0||Alfredo Ferrero Diez-Canseco|Ricardo Belmont Cassinelli|Neutro|2015-12
Medio Impreso|Perú 21|Perú 21|¡Con mocha, Maserati en tu trucha! - Aldo Mariátegui|Tras haber visto estos acomodos increíbles en las planchas, propongo que Mocha García Naranjo se alíe con el Frepap de Ezequiel Ataucusi y juntos lancen el partido ""Maserati"", que lleve como símbolo electoral a este bólido y como eslogan ""iVota por Mocha si quieres un Maserati en tu trocha!"": Si Mocha no ingresa a la política, no quedará más camino que votar por el""hermanón"" Belmont a la presidencia y Villarán con Abugattás para el Congreso.(...) Seguimos con un ingenuo alcalde que cree que estamos en Holanda y se pierde en lo insustancial de ferias ecopitucas, calles cerradas y ciclovias obstruccionistas que ni se usan y tetudeces por ese estilo ¿Por qué no lo mudamos a Muñoz Wells a un domicilio en San Isidro y lo elegimos alcalde aquí cuando acabe su mandato en Miraflores, donde ya no puede tentar otro período? Mala idea no seria.|25/12/2015|1863.17|177.1|0|11|Aldo Mariátegui Bosse|Ricardo Belmont Cassinelli|Neutro|2015-12
Web|Correo|diariocorreo.pe|Interesantes preguntas y partido maquillado - Luis Alfonso Morey|La reciente encuesta de CIT Opinión y Mercado publicada ayer revela que frente a la pregunta sobre qué candidato presidencial es el más honesto, los primeros lugares los ocupan Renzo Reggiardo y Ricardo Belmont, mientras que los últimos lugares los ocupan Keiko Fujimori, César Acuña, Alan García y Alejandro Toledo. Frente a la pregunta sobre qué candidato presidencial es el que más ha hecho por el Perú, las respuestas colocan en los primeros lugares a Alan García y a Ricardo Belmont, en tanto que en los últimos puestos aparecen Keiko Fujimori, Renzo Reggiardo, César Acuña y Verónika Mendoza.|17/12/2015|702.1||0||Luis Alfonso Morey|Ricardo Belmont Cassinelli|Neutro|2015-12
Televisión|RBC Satelital|Habla el Pueblo|Entrevista a Iván Dibós en el 29 Aniversario de RBC (Canal 11)|Entrevista. Iván Dibós, candidato a la primera vicepresidencia por Siempre Unidos, recordó la historia del canal RBC que se fundó en 1986. Además, indicó que Ricardo Belmont fue un buen alcalde la Municipalidad de Lima, en cuyo gobierno batió en ejecución de obras.|22/12/2015|1377.8||415||Iván Dibos|Ricardo Belmont Cassinelli|Positivo|2015-12
Medio Impreso|Perú 21|Perú 21|Por favor, desconectar - Beto Ortiz|Hoy, sin embargo, como me tocaba escribir, sucumbí a la tentación, rompí el ayuno y me metí a curiosear qué había pasado en mi país en tan prolongada ausencia. (...) Me encontré con que sujetos de la catadura del nefasto Popy Olivera, el matacabros Ricardo Belmont y el tirapiedra Goyo Santos inscribieron sus candidaturas presidenciales. Con que la reina de las malaguas Susana Villarán es ahora la vice de Urresti, con que la suprema arribista Anel Townsend logró trepar hasta vice de Acuña y la regia de regias, la tremenda jueza Carolina Lizárraga, es la nueva amiwi de Forever Alone Guzmán. (...) Ya se sabe que la Constitución establece que cualquier huevada puede postular, pero tampoco se maleen así, por mi madre-.Qué papelón. Que el siniestro ministro de Justicia del Cholo Sagrado, el inenarrable Olivera, la haya librado después de sus archiconocidas tropelías y conspiraciones contra Beatriz Merino, contra Cipriani y contra medio Perú, que hayan pasado piolaza sus nunca investigadas movidas “empresariales” cuando era embajador en España , vaya y pase.|27/12/2015|7873.74|748.68|0|11|Humberto Martín Ortiz Pajuelo|Ricardo Belmont Cassinelli|Negativo|2015-12
Televisión|RBC Satelital|Boca a Boca|Comentarios de Luis Alfonso Morey sobre actualidad política (Canal 11)|Luis Alfonso Morey, conductor del programa “Boca a Boca”, presentó un video grabado mediante un drone del “muro de la vergüenza” que divide a ricos y pobres en el sur de Lima Metropolitana. Además, presentó “memes” sobre la candidata presidencial Keiko Fujimori y partes de una encuesta en la que Ricardo Belmont es percibido como el segundo más honesto y el segundo que más ha hecho por el Perú. Finalmente, mencionó que se ha creado una aplicación para “bloquear” la candidatura presidencial promovida por Gonzalo Aguirre y Fernando Belmont, quien es dueño de Unique y Yanbal.|16/12/2015|1291.48||389||Luis Alfonso Morey|Ricardo Belmont Cassinelli|Positivo|2015-12
Web|La República|larepublica.pe|Fotocheck de apuestas riesgosas|Verónika Mendoza. La campaña la va a foguear. ¿Pero cómo es el futuro de los ex candidatos en la izquierda? Hagamos memoria. Va a tener que luchar mucho para conservar su peso político cinco años en el llano, aunque para lograr eso existen recursos. En el fondo a Marco Arana le fue mucho mejor perdiendo la elección interna. .|27/12/2015|1014.43||0||Mirko Lauer|Ricardo Belmont Cassinelli|Neutro|2015-12
Televisión|RBC Satelital|Habla el Pueblo|Entrevista a Ricardo Belmont en Capital TV (Canal 11)|Entrevista. El candidato a la presidencia Ricardo Belmont fue entrevistado por el periodista Guido Lombardi en Capital TV. Al respecto, Héctor Vargas Haya dijo que ese programa le permitió a Ricardo Belmont presentarse tal y como es. Mientras que el analista político Harold Alva dijo que Belmont tiene la receta para la inseguridad y la justicia en el país. A su vez, el periodista Julián Cortés dijo que Belmont habló de que se ocuparía de la inseguridad ciudadana al día siguiente de asumir la presidencia.|15/12/2015|4960.08||1494||Agustín Haya de la Torre|Ricardo Belmont Cassinelli|Positivo|2015-12
Televisión|RBC Satelital|Habla el Pueblo|Entrevista a Ricardo Belmont en Capital TV (Canal 11)|Entrevista. El candidato a la presidencia Ricardo Belmont fue entrevistado por el periodista Guido Lombardi en Capital TV. Al respecto, Héctor Vargas Haya dijo que ese programa le permitió a Ricardo Belmont presentarse tal y como es. Mientras que el analista político Harold Alva dijo que Belmont tiene la receta para la inseguridad y la justicia en el país. A su vez, el periodista Julián Cortés dijo que Belmont habló de que se ocuparía de la inseguridad ciudadana al día siguiente de asumir la presidencia.|15/12/2015|4960.08||1494||Harold Alva|Ricardo Belmont Cassinelli|Positivo|2015-12
Televisión|RBC Satelital|Habla el Pueblo|Entrevista a Ricardo Belmont en Capital TV (Canal 11)|Entrevista. El candidato a la presidencia Ricardo Belmont fue entrevistado por el periodista Guido Lombardi en Capital TV. Al respecto, Héctor Vargas Haya dijo que ese programa le permitió a Ricardo Belmont presentarse tal y como es. Mientras que el analista político Harold Alva dijo que Belmont tiene la receta para la inseguridad y la justicia en el país. A su vez, el periodista Julián Cortés dijo que Belmont habló de que se ocuparía de la inseguridad ciudadana al día siguiente de asumir la presidencia.|15/12/2015|4960.08||1494||Julián Cortez|Ricardo Belmont Cassinelli|Positivo|2015-12
Televisión|RBC Satelital|Boca a Boca|Entrevista al periodista Rolando Diaz sobre la coyuntura electoral (Canal 11)|Entrevista. El periodista Rolando Díaz comentó que el prime time de la televisión peruana no ha emitido el mitin de Ricardo Belmont porque temen el manejo comunicacional. Además, refirió que con el pésimo debate que dieron los candidatos en el CADE, el mitin de Belmont sería un gran “huracán” que no lo pararía nadie. Sin embargo, señaló que en los próximos meses el pueblo diseccionará su voto en una propuesta decente.|14/12/2015|2267.56||683||Rolando Diaz Cervantes|Ricardo Belmont Cassinelli|Positivo|2015-12
Web|Correo|diariocorreo.pe|Las planchas y el matón - Luis Alfonso Morey|Ver a Anel Townsend con César Acuña, a Susana Villarán con Daniel Urresti, a Lourdes Flores con Alan García, a Vladimiro Huaroc con Keiko Fujimori y a la excandidata aprista Mercedes Aráoz con Kuczynski demuestra que lo único que les interesa es llegar al poder, como sea y con quien sea. Los principios son dejados a un lado para juntarse con quien creen que más les conviene. Llama la atención también Nano Guerra (ex Yehude) de la manito con el cuestionado José Luna Gálvez. La mayor parte de planchas son un arroz con mango, una mezcla de oportunismo y falta de principios. En el caso de Ricardo Belmont, cuya candidatura presidencial es silenciada por la mayor parte de los medios, lo acompañan Iván Dibós y Marcos Ibazeta, personas intachables que demuestran coherencia, cosa rara en estos tiempos.|24/12/2015|702.1||0||Luis Alfonso Morey|Ricardo Belmont Cassinelli|Positivo|2015-12
Medio Impreso|Diario Uno|Diario Uno|Candidatos como cancha - César Lévano|Hasta ayer se sabía que existen 19 candidatos a la presidencia de la República, pero un amigo bien enterado me asegura que hoy aparecerá uno más. Estamos ante un boom de presidenciables. Jaime Antezana, especialista en temas de narcotrático, informa que en ese lote de aspirantes hay uno estrechamente vinculado a los narcos. Además, expresa, hay decenas de candidatos al Congreso que comparten tal origen. La amenaza de que el Perú se convierta en un narcoestado no solo proviene, entonces, de Alan García, protector calificado de esa malla. (...) En la fórmula presidencial de Keiko Fujimori hay un candidato a primer vicepresidente que encarna más bien la negación de Billinghurst. Es José Chlimper, empresario, quien en el 2007 frente a una huelga de estibadores del Callao, declaró que si las autoridades no desalojaban a los portuarios, él los sacaría a balazos.|23/12/2015|2263.35|237.04|0|2|César Lévano|Ricardo Belmont Cassinelli|Neutro|2015-12
Web|La República|larepublica.pe|Perú Wars: El Despertar a la Fuerza - Marco Sifuentes|–Alfredo Barnechea tiene suficientes contactos en los medios como para obtener valiosos minutos de exposición en televisión. Si hay un nicho de votantes que busca a alguien que “hable bonito” pero no quiere votar por el candidato de los narcoindultos, aquí tiene a su hombre. La verdad, si lo pusieran a debatir con gente como Acuña, Barnechea quedaría como Churchill. Con un equipo de campaña sólido, también podría pasar la valla.|23/12/2015|1014.43||0||Marcos Sifuentes|Ricardo Belmont Cassinelli|Neutro|2015-12
Medio Impreso|Correo|Correo|Las planchas y el matón - Luis Alfonso Morey|Ver Anel Townsend con César Acuña, a Susana Villarán con Daniel Urresti a Lourdes Flores con Alan García a Vladimiro Huaroc con Keiko Fujimori y a la excandidata aprista Mercedes Aráoz con Kuczynski demuestra que lo único que les interesa es llegar al poder, como sea y con quien sea. Los principios son dejados a un lado para juntarse con quien creen que más les conviene. Llama la atención también Nano Guerra (ex Yehude) de la manito con el cuestionado José Luna Gálvez. La mayor parte de planchas son un arroz con mango. una mezcla de oportunismo y falta de principios. En el caso de Ricardo Belmont, cuya candidatura presidencial es silenciada por la mayor parte de los medios, lo acompañan Iván Dibós y Marcos lbazeta. personas intachables que demuestran coherencia, cosa rara en estos tiempos.|24/12/2015|1185.93|124.49|0|11|Luis Alfonso Morey|Ricardo Belmont Cassinelli|Positivo|2015-12
Radio|Exitosa|Milagros Leiva en Exitosa |ntrevista al candidato Marco Ibazeta (Exitosa)|Entrevista. El candidato a la plancha presidencial de Ricardo Belmont, Marco Ibazeta, sostuvo que ingreso a la política puesto que no hay ideas positivas para el país. Durante su alocución, se refirió a la labor de la Policía respecto a la inseguridad ciudadana.|14/12/2015|1791.72||948||Marcos Ibazeta Marino|Ricardo Belmont Cassinelli|Positivo|2015-12
Televisión|Canal ATV Plus|Hora Clave|Entrevista a José Manuel Saavedra, gerente de la consultora CIT Opinión y Mercado (ATV+)|Entrevista. José Manuel Saavedra, gerente de la consultora CIT Opinión y Mercado, presentó los cuadros del último sondeo realizado por su encuestadora en Lima y Callao. En primer lugar aparece Keiko Fujimori con 34.8% seguida por Pedro Pablo Kuczynski con 17.6% y Alan García con 8%. Quien ha bajado en la intención de voto es César Acuña quien aparece en cuarto lugar con 5.6%. Más rezagados aparecen Alejandro Toledo, Renzo Reggiardo, Verónika Mendoza y Ricardo Belmont.|15/12/2015|3885||777||José Manuel Saavedra Molina|Ricardo Belmont Cassinelli|Neutro|2015-12
Web|Expreso|expreso.com.pe|""Chatos como cancha""-Raúl Chanamé|En CADE triunfó la antipolítica. Pues Acuña fracasó en su comunicación verbal con los empresarios, más en su comunicación no verbal para todos los peruanos fue efectivo, pues trasmitió: que no era de la clase política, que ellos lo subestiman intelectualmente y que lo rechazaban. Tras el cónclave: subió en las encuestas. Han quedado grabado en los peruanos de a pie sus estridentes palabras: chato, cancha y raza, para enfrentar al lenguaje alambicado de crecimiento, PBI, canon, etc. El candidato norteño solo anuncia la vigencia de la contradicción entre la política y la antipolítica.|20/12/2015|52||0||Raúl Chanamé Orbe|Ricardo Belmont Cassinelli|Neutro|2015-12
Medio Impreso|La Razón|La Razón|En enero empezará ""una lucha frontal""|Los próximos meses de campaña electoral se caracterizarán por ser una ""lucha frontal"" por conquistar el segundo lugar de las preferencias electorales, en las que el factor Daniel Urresti jugará un rol importante, manifestó el analista político, Luis Benavente. En declaraciones a la Agencia Andina, el analista sostuvo que la diferencia de voto entre Keiko y el resto de sus rivales provocará que estos enfoquen esfuerzos en conquistar una segunda posición y llegar a segunda vuelta. ""Se van a concentrar en una lucha frontal por el segundo lugar porque lo otro (buscar el primer lugar) va a llevar a un desgaste demasiado grande y las posibilidades son mínimas"", precisó. Por tanto, indicó que Pedro Pablo Kuczynski, Alan García, César Acuña y Alejandro Toledo, concentrarán sus estrategias en confrontar con sus oponentes directos para sumar más votos y alcanzar la segunda vuelta.|18/12/2015|1178|200.53|0|4|Luis Benavente Gianella|Ricardo Belmont Cassinelli|Neutro|2015-12
Medio Impreso|Perú 21|Perú 21|La danza de las alianzas - Alfredo Ferrero|El 12 de diciembre se cumplió el plazo para inscribir las alianzas. Se han constituido tres alianzas. (...) Acuña incorporó como aliados electorales a algunos movimientos regionales y Somos Perú (Andrade). El PPC (en crisis) viene coqueteando con el Apra hace tiempo: Alan y Lourdes bailando marinera y lanzándose piropos. (...) Varios van solos. Los que tienen opción de pasar a segunda vuelta son Keiko y PPK. (...) La izquierda deberá unificar si aspira a algo y Solidaridad Nacional va con UPP, tiene presencia política con Castañeda en Lima (30% del electorado). Urresti le va a dar calor a la campaña (...) Acción Popular (partido histórico), Renzo Reggiardo, Ántero Flores-Aráoz, Julio Guzmán, Ricardo Belmont, Yehude Simon y otros de izquierda corren riesgo de perder inscripción.|17/12/2015|1439.42|168.19|0|8|Alfredo Ferrero Diez-Canseco|Ricardo Belmont Cassinelli|Neutro|2015-12
Medio Impreso|La República|La República - Suplemento Domingo|Promesas 2016 - Renato Cisneros|Ver de una vez por todas «El Despertar de la Fuerza» y dejar de sufrir los comentarios sembrados en las redes por maliciosos spoilers que no se compadecen de los fans de «Star Wars» que no hemos podido ver aún el nuevo episodio de la saga. He leído por ahí que muere Han Solo. Espero que se trate de una broma. Festejar con moderación los cuarenta años de mi nacimiento y, al hacerlo, colgar simbólicamente los chimpunes de los viejos desbandes con que antes solía homenajear esa efeméride. Casarme con Natalia delante de un código civil y, dos días después, delante de una gran cruz, y bailar el vals con empeñoso decoro frente a los invitados, y luego brindar con ellos y allí sí ahondar en los excesos con que es menester celebrar los acontecimientos felices que uno juzga definitivos. No votar por Keiko, ni por Alan, ni por Acuña, ni por Urresti, ni por Toledo, ni por Ántero, ni por Belmont, ni por Gregorio Santos, ni por Yehude, ni por Reggiardo, ni por Nano, ni por Julio Guzmán, ni por Verónika Mendoza, ni por los otros pitufos. Ni en primera ni en segunda vuelta.|27/12/2015|2549.04|817.44|0|23|Renato Cisneros|Ricardo Belmont Cassinelli|Negativo|2015-12
Radio|Radio San Borja|Agenda Central|Entrevista al analista político, José Manuel Saavedra (San Borja)|Entrevista. El analista político, José Manuel Saavedra, se refirió a la última encuesta de CIT Lima-Callao, post CADE, y explicó que en esta se refleja un bajón en César Acuña, quien está ubicado en cuarto puesto. Asimismo informó que la candidata Keiko Fujimori también bajó “un poquito”, pues el mes pasado se acercó mucho al 38 %, sin embargo, los comentarios sobre su padre pueden haber ocasionado su baja a 34 %, mientras que Pedro Pablo Kuczynski, se mantiene firme con un 17 % en intención de voto, sin embargo esta se podría ver afectada por la alianza entre PPC y APRA. Comentó además el panorama en torno a César Acuña, quien perjudicó su imagen tras la denuncia por violacón. Con respecto a los nuevos candidatos, habló sobre Renzo Reggiardo, quien cuenta con un 3 %, así como la aparición de Francisco Diez Canseco y Ricardo Belmont.|15/12/2015|983.33||919||José Manuel Saavedra Molina|Ricardo Belmont Cassinelli|Neutro|2015-12
Televisión|RBC Satelital|Habla el Pueblo|Entrevista a Marcos Ibazeta en el 29 Aniversario de RBC (Canal 11)|Entrevista. Marcos Ibazeta, candidato a la segunda vicepresidencia del partido Siempre Unidos, comentó que Ricardo Belmont, comentó que ningún veto puede sobrepasar la alianza con la población, que ha respaldado la candidatura de Ricardo Belmont como presidente. Además. Señaló que en su campaña están proponiendo una revolución moral, lo que significa más recursos pero mejor distribuidos.|22/12/2015|1719.76||518||Marcos Ibazeta Marino|Ricardo Belmont Cassinelli|Positivo|2015-12
Web|Perú 21|peru21.pe|Alditus was right! - Aldo Mariátegui|(...) Sigamos con las arcadas como cancha: ¿qué hace un rojo de toda la vida como Huaroc con Keiko? ¿Qué hace una roja supuestamente consecuente como Rosa Mavila aliada con Yehude “Baguazo” Simon, divisionista de la izquierda y ex aliado aprista, ppkausa y toledista, amén de preso por vínculos con el MRTA? ¿Qué hace el maoísta de Patria Roja Gregorio Santos de aliado del fonavista Andrés Alcántara después de que este maltrató así al siomista García Núñez y todo ese sector de viejos de la izquierda? ¿Qué hace Lourdes Flores al lado de Alan después de que ella, a comienzos de los 90, probara todas las acusaciones contra este por BCCI, Mirages, etc…? ¿Qué hace un jurista respetable como Marco Ibazeta de compañero de fórmula de Belmont? ¿Qué hace un religioso como el pastor Lay al lado de un tipo como Acuña? ¿Tan desesperado está Solidaridad para no ir a la baja que recurre al recién choteado ‘Nano’? ¿Reggiardo, Barnechea, Guzmán, Pancho Diez Canseco y Popy creen de verdad que tienen alguna chance? ¿De dónde ha sacado Popy ese extravagante corte de pelo medieval?|22/12/2015|1874.83||0||Aldo Mariátegui Bosse|Ricardo Belmont Cassinelli|Neutro|2015-12
Medio Impreso|La República|La República|La cápsula de cianuro - Augusto Álvarez Rodrich|Ingeniosas frases para la histeria política peruana. No daré ninguna propuesta porque cualquiera las da. La gente está cansada de propuestas que no se cumplen. Ricardo Belmont. El pasado, pasó. Si yo me quedo detenida en un pasado que no puedo cambiar... Lourdes Flores sobre por qué se alía con Alan García a pesar de haberlo acusado de corrupto. El Perú es más importante que viejas rencillas. Alan García sobre su alianza con Lourdes Flores. Alan García y Lourdes Flores se están jugando un poco su vida política y su experiencia en acercarse a pesar de haber sido antes adversarios. Publicista aprista Hugo Otero. (...) Hablar de miles de narcoindultos es un rumor malévolo. Alan García. Son 5, 003 entre conmutados e indultados. Son miles, pues. Un tercio de los condenados por la justicia. Rosa María Palacios. Al compañero Alan le voy a demostrar que soy digna de mi partido. Pilar López Vargas, madre del detenido Gerald Oropeza.|21/12/2015|1973.53|235.45|0|5|Augusto Álvarez Rodrich|Ricardo Belmont Cassinelli|Neutro|2015-12
