﻿Tipo|Medio General|Medio Específico|Título|Resumen|Fecha Emisión|Valorización|Cm2|Duración|Página|Personajes|Candidatos 2016|Tono|Mes Emisión
Medio Impreso|Correo|Correo|Macondo Electoral - Iván Slocovich Pardo|No hay duda de que, con lo visto en las últimas horas en el panorama electoral peruano, la desmesurada y genial imaginación de Gabriel García Márquez, uno de los padres del realismo mágico en Latinoamérica -esa corriente literaria donde lo extraño, absurdo e inimaginable sucede como si nada y sin que nadie levante una ceja-, ha quedado chica, pues las postulaciones de Nano Guerra García, el preso Gregorio Santos y Susana Villarán escapan de todo lo previsible y lógico. Comencemos con Guerra Garáa, quien hasta hace unos ellas era el casi anónimo precanctidato presidencial del Partido Humanista hasta que el líder de esta agrupación. Yehude Simon. decidió bajarle el dedo por ""no hacer clic"" con los electores. Ahora el hombre ha sido acogido por Solidaridad Nacional, cuyo dueño parece ser José Luna, quien antes quiso aliarse con Pedro Pablo Kuczynski, pero fue rechazado por pedir demasiado a cambio de aportar poco o nada a los “pepekausas”. Avanzaba la tarde de ayer y se confirmó que Susana Villarán, la autoproclamada reserva moral de la política peruana, defensora de los derechos humanos y constructora de ciudadanía, iba en la plancha de Daniel Urresti (procesado por asesinato), del Partido Nacionalista, cuya lideresa no puede explicar de dónde saca la plata.|21/12/2015|1807.59|189.86|0|11|Iván Slocovich Pardo|Yehude Simon Munaro|Neutro|2015-12
Medio Impreso|Perú 21|Perú 21|Los que no tienen plata también juegan - Carlos Basombrío Iglesias|En mi opinión, estos cuatro meses de la primera etapa de la campaña quedan teñidos por un vicio muy grave, que está alterando las condiciones mininas de igualdad para una contienda electoral. Me refiero al abuso del poder del dino para hacer campaña política encubierta usando los dineros de una universidad. (...) Hasta donde llego a saber, hay otros 12 candidatos presidenciales. ¿Cómo van a lograr que sus propuestas lleguen con efectividad y equidad si hay tal distorsión en la capacidad económica de hacer publicidad? Y, ojo, más allá de simpatías o mías, hay muchas candidaturas importantes que hoy están con 2% o menos. Se puede discrepar o coincidir con cada uno de ellos, pero es importante que se escuchen, también, las voces de Mendoza, Barnechea, Belmont, Flores-Aráoz, Reggiardo, Simon, Hilario y Guzmán.|20/12/2015|2902.34|247.02|0|5|Carlos Miguel Ramón Basombrío Iglesias|Yehude Simon Munaro|Positivo|2015-12
Medio Impreso|Perú 21|Perú 21|Dejan a Simon|Nano se baja del carro. Hernando Guerra García retiró su candidatura por el Partido Humanista. De acuerdo con su carta, Yehude Simon no cumplió los acuerdos, pues este se presentó como precandidato.|14/12/2015|137.08|16.14|0|4|Hernando Guerra García |Yehude Simon Munaro|Negativo|2015-12
Medio Impreso|Correo|Correo|La frase|""Nano Guerra crea nueva modalidad de transfuguismo: cambiar de partido antes de ser candidato. Yehude está furioso por haber sido superado"". Jorge Villena. Pepecista y exregidor de Lima.|24/12/2015|679.04|71.28|0|4|Jorge Rafael Villena Larrea|Yehude Simon Munaro|Neutro|2015-12
Medio Impreso|Hildebrandt en sus trece|Hildebrandt en sus trece|Conservadurismo de izquierda - David Roca Basadre|Parece que al izquierda , por oscuros designios, terminó en la ""unidad"". Y ya está: Verónika Mendoza es al candidata de la izquierda con el Frente Amplio y , a pesar del pataleo de varios, Marco Arana es parte de la plancha presidencial como candidato a primer vicepresidente. Como ya sabemos, el probo llamado Únete, suma de siglas y ganas electorales que aparecen cada cuatro y cinco años, luego de pasar por las mañas y manías de Yehude y de los señores Alcántara, debió olvidar orgullos, bajar el moño y buscar al Frente Amplio. Así que, por fin, la ""unidad"". Le falta una última prueba que es la elección para candidatos congresales, Si logra superar eso, podremos decir que la .tesis de que con la ""unidad"" de esa izquierda se logran victorias (o al menos bastantes votos) se pondrá a prueba. (...) La enorme base social de respaldo de esa izquierda fue destruida, como todo en el país, por la conjunción de tres personajes siniestros: Abimael Guzmán, que atacaba a toda organización social que no podía controlar, asesinando dirigentes; Alan García Pérez, mediante un gobierno desolador que precarizó al extremo a la población, que así empezó a ser presa fácil del clientelaje; y Alberto Fujimori, gran desarticulador de sindicatos y de movimientos sociales de base mediante el asistencialismo más feroz.|18/12/2015|2994.6|651.64|0|19|David Roca Basadre|Yehude Simon Munaro|Neutro|2015-12
Medio Impreso|Del País|Del País|Lluvia de candidatos - Jimmy Torres C.|No cabe duda que nuestro país es muy rico, pero muy rico. Hay mucho dinero y eso se demuestra por la gran cantidad de candidatos presidenciales. La pugna por llegar al sillón de Pizarro es intensa y todo vale. Pero, habrá que preguntarse todos los candidatos e integrantes de su plancha si tiene vocación de servicio al Estado o es la simple enfermedad de saciar el apetito de poder. Entre los que postulan la gran mayoría ya ocupo cargos, saben lo que es estar con automóvil, chofer, seguridad, gastos de representación y una vida artificial .Lo que si causa gracia es la plancha presidencial que lideraran Alfredo Barnechea, Fernando Olivera, Daniel Urresti, Yehude Simón, Alejandro Toledo y de Hernando Guerra García.|21/12/2015|933.3|255.67|0|2|Jimmy Torres Carrasco|Yehude Simon Munaro|Negativo|2015-12
Televisión|Canal N|De 6 a 9|Entrevista a la candidata a la primera vicepresidencia por el Partido Humanista, Rosa Mavila (Canal N)|Entrevista. La congresista y candidata a la primera vicepresidencia por el Partido Humanista, Rosa Mavila, comentó cómo llegó a postular al cargo (cuyo candidato es el parlamentario Yehude Simon), y expresó que es una decisión política. Aclaró, además, qué ocurrió con la candidatura de Hernando 'Nano' Guerra García con Únete y criticó su cambio de centro izquierda a centro derecha (con el partido Solidaridad Nacional, del cual es ahora candidato). Consideró que quizá él aún no tenía sus ideas claras. Reveló también que siempre ha tenido ciertas ideas con respecto a la “izquierda más unida”. Aseveró que para ella la lucha contra la corrupción “no tiene pelaje” y señaló que nadie puede objetarle a Simon su lucha contra este mal que aqueja a la sociedad. Con respecto a Verónika Mendoza, indicó que debe tener una perspectiva a mediano y largo plazo, pues considera que ella está construyendo un espacio público. Sobre su trabajo en las comisiones de narcotráfico y su relación en la política, manifestó que el resultado de su balance es positivo, sin embargo,aún debe tratar temas de lavado de activos, tema que afecta a partidos como el fujimorista. Sobre el financiamiento a las agrupaciones políticas, precisó que la ONPE debe ponerse más estricta en sus evaluaciones. Lamentó, luego, que no se traten temas como el de “Caracol” -sobre quien se dice habría huído en avionetas del Ejército-. Mavila, por otra parte, sostuvo que la decisión de Keiko Fujimori sobre los congresistas que dejó fuera de la lista a la reelección, refleja que es ella quien lidera el partido Fuerza Popular.|31/12/2015|13314||951||Rosa Mavila León|Yehude Simon Munaro|Positivo|2015-12
Web|La República|larepublica.pe|Promesas 2016|No votar por Keiko, ni por Alan, ni por Acuña, ni por Urresti, ni por Toledo, ni por Ántero, ni por Belmont, ni por Gregorio Santos, ni por Yehude, ni por Reggiardo, ni por Nano, ni por Julio Guzmán, ni por Verónika Mendoza, ni por los otros pitufos. Ni en primera ni en segunda vuelta.|27/12/2015|1014.43||0||Renato Cisneros|Yehude Simon Munaro|Negativo|2015-12
Web|Exitosa|exitosadiario.pe|""Incorporación de Meche Aráoz confirma que Peruanos por el Kambio es el partido de lobbistas""|Entrevista. Marco Arana, candidato a la vicepresidencia por Frente Amplio. (...) Usted señaló que le preocupa que César Acuña gane la Presidencia y entre a saquear al Estado…. .Hay tres cosas graves. Que el señor Acuña está procesado por usar fondos públicos cuando fue alcalde para conseguir votos. ¿El Poder Judicial está amarrado de manos o es cómplice? ¿El Jurado Nacional de Elecciones qué dice al respecto? ¿O el señor Acuña está teniendo el padrinazgo de las altas esferas del poder? Segundo: todas las investigaciones de sus fondos. Yo no tengo nada contra un señor que hace fortuna, pero el origen de esos fondos ¿cuándo se va a investigar? Y tercero: está metido en negocios de educación que como sabemos tienen exoneración tributaria, entonces ¿cómo es posible que usen este negocio para una campaña multimillonaria y eso genera una desventaja en la competencia electoral? ¿Dónde está la Sunat?|26/12/2015|71.5||0||Marco Antonio Arana Zegarra|Yehude Simon Munaro|Neutro|2015-12
Medio Impreso|Diario Uno|Diario Uno|El escenario para la izquierda - Carlos Bedoya|Parece que estoy viviendo un dejavu cuando veo cómo se ha plantado la izquierda de cara a las elecciones de abril. (...) Ollanta Humala y su nacionalismo pasaba a segunda vuelta con más del 30 por ciento y se ubicaba como primera minoría en el Parlamento (que luego perdería tras la ruptura con su aliado UPP y otras bajas congresales que sufrió al ser derrotado por García Pérez. (...) En primer lugar tenemos a Yehude Simon que irá con Rosa Mavila en la plancha. (...) La otra candidatura, que si bien es cierto es la que más emociona por su juventud y carisma es la de Verónika Mendoza, que se asemejaría la candidatura de PS de 2006. (...) ahora que queda claro que César Acuña ha logrado ubicarse en el segundo lugar de preferencias electorales con los votos que debió aglutinar la izquierda hace rato en lugar de mirarse el ombligo.|20/12/2015|2679.73|244.35|0|4|Carlos Alonso Bedoya|Yehude Simon Munaro|Neutro|2015-12
Medio Impreso|La República|La República - Suplemento Domingo|Promesas 2016 - Renato Cisneros|Ver de una vez por todas «El Despertar de la Fuerza» y dejar de sufrir los comentarios sembrados en las redes por maliciosos spoilers que no se compadecen de los fans de «Star Wars» que no hemos podido ver aún el nuevo episodio de la saga. He leído por ahí que muere Han Solo. Espero que se trate de una broma. Festejar con moderación los cuarenta años de mi nacimiento y, al hacerlo, colgar simbólicamente los chimpunes de los viejos desbandes con que antes solía homenajear esa efeméride. Casarme con Natalia delante de un código civil y, dos días después, delante de una gran cruz, y bailar el vals con empeñoso decoro frente a los invitados, y luego brindar con ellos y allí sí ahondar en los excesos con que es menester celebrar los acontecimientos felices que uno juzga definitivos. No votar por Keiko, ni por Alan, ni por Acuña, ni por Urresti, ni por Toledo, ni por Ántero, ni por Belmont, ni por Gregorio Santos, ni por Yehude, ni por Reggiardo, ni por Nano, ni por Julio Guzmán, ni por Verónika Mendoza, ni por los otros pitufos. Ni en primera ni en segunda vuelta.|27/12/2015|2549.04|817.44|0|23|Renato Cisneros|Yehude Simon Munaro|Negativo|2015-12
Medio Impreso|La República|La República|Vilcatoma quería irse con Simon|El ex regidor de Lima Edwin Espinoza reveló que la ex procuradora Yeni Vilcatoma fue hasta el Partido Humanista Peruano y le propuso a Yehude Simón ser su candidata presidencial 2016. Sin embargo, la ’chotearon’ y le propusieron ir al Congreso, pero la luchadora contra la corrupción prefirió irse al equipo de Keiko Fujimori. La ex procuradora se las sabe todas.|22/12/2015|180.22|37.88|0|10|Edwin Espinoza|Yehude Simon Munaro|Neutro|2015-12
Radio|Exitosa|Rosana Cueva en Exitosa|Entrevista al congresista Josué Gutiérrez (Exitosa)|.Enlace telefónico. El congresista nacionalista Josué Gutiérrez indicó que su partido decidió integrar a Susana Villarán a la lista presidencial de su candidato Daniel Urresti debido que contribuirá al plan de gobierno que presentarán a la población peruana y de esta manera continuar con el plan de “la gran transformación”. Según señaló la exalcaldesa metropolitana también recibió la invitación de unirse al partido de César Acuña y de Yehude Simon, sin embargo, decidió unirse a las filas nacionalistas.|21/12/2015|1474.2||780||Josue Manuel Gutiérrez Cóndor|Yehude Simon Munaro|Neutro|2015-12
Medio Impreso|Exitosa|Exitosa Diario|Jorge Villena - Tuit|Nano Guerra crea nueva modalidad de transfuguismo, cambiar de partido ANTES de ser candidato Yehude esta furioso por haber sido superado.|24/12/2015|149.52|20.96|0|19|Jorge Rafael Villena Larrea|Yehude Simon Munaro|Neutro|2015-12
Web|Perú 21|peru21.pe|US$10 mil millones menos - Aldo Mariátegui|(...) - Nano era mejor candidato que Yehude. ¡Torpes! Y como bien apuntan varios colegas, a la congresista roja Rosa Mavila no le importó que Yehude esté metido en el “Baguazo” para ahora integrar su plancha. Esos son los principios de los rojos… Como la moralizadora Verónika Mendoza, cuyo órgano de propaganda es el diario del padre de Belaunde Lossio, acusado de estar implicado con este.|16/12/2015|1874.83||0||Aldo Mariátegui Bosse|Yehude Simon Munaro|Negativo|2015-12
Web|La República|larepublica.pe|Cambalache - Nelson Manrique|El epicentro de la descomposición política en curso está constituido por el entorno de los colaboradores que rodearon a Susana Villarán en su gestión edil y en la lucha contra la revocatoria. En una breve enumeración destacan los casos de Nano Guerra García, propuesto por Villarán como candidato presidencial de Fuerza Social el 2011, que emigró primero al Partido Humanista de Yehude Simon, para luego recalar como candidato presidencial en el partido de Luis Castañeda Lossio, precisamente uno de los artífices del intento de revocatoria. Vladimiro Huaroc, ex-presidente de Fuerza Social, el partido fundado por Villarán, decidió incorporarse al equipo de Keiko Fujimori. Anel Townsend, dirigente en la campaña contra la revocatoria, se incorporó al partido de César Acuña (Yehude Simon afirmó en Twitter que Susana Villarán lo invitó a sumarse a este proyecto, y su afirmación no ha sido desmentida). Ahora se vocea la incorporación de Susel Paredes y Augusto Rey al partido de PPK. Ya ellos se encargarán de negarlo o confirmarlo.|29/12/2015|1014.43||0||Nelson Manrique|Yehude Simon Munaro|Neutro|2015-12
Radio|Exitosa|Nicolás Lucar en Exitosa|Rosa Mavila comentó sobre financiamiento de partidos (Exitosa)|Entrevista. La parlamentaria Rosa Mavila comentó sobre su inclusión como posible candidata a vicepresidenta en la plancha de Yehude Simon. En principio, opinó sobre la necesidad de avanzar en la rendición de cuentas, transparencia y financiamiento público de los partidos para evitar que personajes con dinero ejerzan un marketeo político dejando de lado el debate. Aseguró que hace tiempo la Onpe dio cuenta de personajes con antecedentes económicos o que hayan negado aportar a un grupo.|16/12/2015|1088.64||576||Rosa Mavila León|Yehude Simon Munaro|Positivo|2015-12
Televisión|RPP|RPP NOTICIAS - EDICIÓN MAÑANA |Rosa Mavila se pronuncia por excarcelación de alias “Caracol” (RPP TV)|Entrevista. La congresista Rosa Mavila explicó cuales son los requisitos para que un interno salga de la cárcel por un beneficio penitenciario. Respecto al caso de alias “Caracol”, sostuvo que no entiende como esta persona que se sabía que era un faite ha podido acogerse a este beneficio. Aseveró que el ministro del Interior, José Pérez Guadalupe, y el jefe del Inpe, Julio Magán, deben saber quien es “Caracol”. Finalmente, Mavila reveló que ha aceptado la invitación de Yehude Simon para formar parte de su plancha presidencial.|18/12/2015|2996.76||678||Rosa Mavila León|Yehude Simon Munaro|Neutro|2015-12
Web|La República|larepublica.pe|Sobre las “planchas”-Martín Tanaka|De un lado, distinguiría las alianzas partidarias de los “jales” individuales. Las primeras, por basarse en lógicas colectivas, tienen un carácter ligeramente más institucional. Digo ligeramente porque algunas son puramente oportunistas, como la de Solidaridad Nacional con Unión por el Perú, o la de Restauración Nacional con Alianza para el Progreso. Otras son fruto de un interés entendible, pero difícil de justificar, como la del APRA y el PPC. García busca relanzar una candidatura que no despega apoyándose en el aura de republicanismo que vagamente puede reconocerse todavía en el PPC, mientras que para este de lo que se trata es de simplemente subsistir, en un contexto en el que otros (Pero Pablo Kuczynski) no quisieron recibirlos.|27/12/2015|1014.43||0||Martín Tanaka|Yehude Simon Munaro|Neutro|2015-12
Medio Impreso|Perú 21|Perú 21|US$10 Mil millones menos - Aldo Mariátegui|Exportamos US$42.5 mil millones en el 2013 y este año no llegaremos a los US$33 mil millones. ¿Algún candidato presidencial nos habla de cómo remontar esta destrucción colosal de riqueza, en gran medida culpa del bloqueo de la izquierda a la minería?. (...) ¿Por qué siempre pagamos los mismos tontos y no los Acuñas, Lunas, etc...? Nano era mejor candidato que Yehude. ¡Torpes! Y como bien apuntan varios colegas, a la congresista roja Rosa Mavila no le importó que Yehude esté metido en el ""Baguazo"" para ahora integrar su plancha. Esos son los principios de los rojos... como la moralizadora Verónika Mendoza, cuyo órgano de propaganda es el diario del padre de Belaunde Lossio, acusado de estar implicado con este.|16/12/2015|1766.47|176.68|0|13|Aldo Mariátegui Bosse|Yehude Simon Munaro|Negativo|2015-12
Televisión|Willax|Desayunos de Correo |Sunedu debería intervenir y fiscalizar las universidades de César Acuña (Willax)|El congresista Carlos Bruce señaló que la Sunedu debería intervenir y fiscalizar las universidades de César Acuña, candidato de Alianza para el Progreso (APP) ya que según dijo, estaría utilizando estos centros de estudios con fines políticos. .Por su parte, César Acuña señaló que no conoce a los aportantes de su partido. .En tanto, Rosa Mavila dijo que le gustaría ser la vicepresidenta de la República por el Partido Humanista de Yehude Simon..De otro lado, Julia Teves señaló que el 18 o 19 de diciembre se hará oficial la candidatura de Daniel Urresti por el Partido Nacionalista..El congresista Héctor Becerril dijo que sus pares deberían esperar para ver que fujimoristas acompañarán la lista de su lideresa Keiko Fujimori.|16/12/2015|4096||512||Rosa Mavila León|Yehude Simon Munaro|Positivo|2015-12
Medio Impreso|Del País|Del País|El sesgado análisis de la izquierda - Iván Arenas|La incorporación de Susana Villarán a la plancha del candidato nacionalista, Daniel Urresti, ha sorprendido a tirios y troyanas. (...) Ella nunca entendió que el mundo popular es más grande que sus construcciones ideológicas, y que el cemento y el ladrillo es urgencia en los conos y asentamientos humanos de una Lima que colapsa sin obra pública. Por allí se explica el estrepitoso fracaso de Villarán y el rotundo éxito de un alcalde constructor como Castañeda.|24/12/2015|1098|300.18|0|4|Iván Arenas|Yehude Simon Munaro|Neutro|2015-12
Medio Impreso|Del País|Del País|Yehude Simon candidato del Partido Humanista|El congresista Yehude Simon Munaro confirmó que será candidato presidencial del Paritdo Humalista, tras la ruptura del acuerdo con el empresario Hernando Guerra García.|14/12/2015|1654.32|452.05|0|2|Hernando Guerra García |Yehude Simon Munaro|Negativo|2015-12
Web|Perú 21|peru21.pe|Pásame tu plancha - Alfredo Ferrero|Frente Amplio, de Verónika Mendoza, está con el padre Arana y Alan Fairlie. La izquierda va desunida. El partido de gobierno va con el ex ministro Urresti y su gran sorpresa, Susana Villarán. Solidaridad, que parecía no que presentaba plancha, va con Nano Guerra García, que iba a lanzarse por el Partido Humanista de Yehude, y con el congresista José Luna, que tiene los recursos y movilizaciones partidarias. Acción Popular intentará sorprender con Alfredo Barnechea, hombre de gran preparación, acompañado por el congresista Víctor Andrés García Belaunde y Edmundo del Águila. Otras planchas intentarán el milagro con poca opción.|24/12/2015|1874.83||0||Alfredo Ferrero Diez-Canseco|Yehude Simon Munaro|Positivo|2015-12
Web|La República|larepublica.pe|Perú Wars: El Despertar a la Fuerza - Marco Sifuentes|–Alfredo Barnechea tiene suficientes contactos en los medios como para obtener valiosos minutos de exposición en televisión. Si hay un nicho de votantes que busca a alguien que “hable bonito” pero no quiere votar por el candidato de los narcoindultos, aquí tiene a su hombre. La verdad, si lo pusieran a debatir con gente como Acuña, Barnechea quedaría como Churchill. Con un equipo de campaña sólido, también podría pasar la valla.|23/12/2015|1014.43||0||Marcos Sifuentes|Yehude Simon Munaro|Neutro|2015-12
Medio Impreso|La República|La República|Cambalache - Nelson Manrique|El travestismo político de las últimas semanas es un momento notable de la crisis de representación que el Perú afronta desde los años 90. En la izquierda se vive el cierre, muy mal procesado, de un ciclo generacional. Por un lado, se ha agotado el impulso de la generación que formó la Izquierda Unida en los 80, después de 25 años de intentos infructuosos de “refundar” la izquierda. Por otro, emerge una nueva generación de dirigentes que mantienen lazos tenues con la generación anterior, cuyos integrantes están entre los 25 y 35 años, en que las mujeres tienen una participación muy destacada: Verónika Mendoza, Marisa Glave, Sigrid Bazán, Claudia Cisneros, y más. (...) El epicentro de la descomposición política en curso está constituido por el entorno de los colaboradores que rodearon a Susana Villarán en su gestión edil y en la lucha contra la revocatoria. En una breve enumeración destacan los casos de Nano Guerra García, propuesto por Villarán como candidato presidencial de Fuerza Social el 2011, que emigró primero al Partido Humanista de Yehude Simon, para luego recalar como candidato presidencial en el partido de Luis Castañeda Lossio, precisamente uno de los artífices del intento de revocatoria. Vladimiro Huaroc, ex-presidente de Fuerza Social, el partido fundado por Villarán, decidió incorporarse al equipo de Keiko Fujimori. Anel Townsend, dirigente en la campaña contra la revocatoria, se incorporó al partido de César Acuña (Yehude Simon afirmó en Twitter que Susana Villarán lo invitó a sumarse a este proyecto, y su afirmación no ha sido desmentida). Ahora se vocea la incorporación de Susel Paredes y Augusto Rey al partido de PPK. Ya ellos se encargarán de negarlo o confirmarlo.|29/12/2015|3594.34|428.44|0|5|Nelson Manrique|Yehude Simon Munaro|Neutro|2015-12
Medio Impreso|Perú 21|Perú 21|Alditus was right! - Aldo Mariátegui|-¿Qué hace la campeona de la ética y los derechos humanos Susana Villarán al lado del presunto “capitán Arturo” (Daniel Urresti) en una lista presidencialista que representa al oficialismo del presunto “capitán Carlos” (Ollanta Humala)? ¿Con qué cara Villarán tilda ahora de “traidor” a Huaroc por figurar en la plancha de Keiko? ¡(...) ¿Qué hace una roja supuestamente consecuente como Rosa Mavila aliada con Yehude “Baguazo” Simon, divisionista de la izquierda y ex aliado aprista, ppkausa y toledista, amén de preso por vínculos con el MRTA? ¿Qué hace el maoísta de Patria Roja Gregorio Santos de aliado del fonavista Andrés .(...) ¿Qué hace un religioso como el pastor Lay al lado de un tipo como Acuña? ¿Tan desesperado está Solidaridad para no ir a la baja que recurre al recién choteado ‘Nano’? ¿Reggiardo, Barnechea, Guzmán, Pancho Diez Canseco y Popy creen de verdad que tienen alguna chance? ¿De dónde ha sacado Popy ese extravagante corte de pelo medieval?|22/12/2015|1726.32|172.73|0|17|Aldo Mariátegui Bosse|Yehude Simon Munaro|Negativo|2015-12
Web|Perú 21|peru21.pe|Alfredo Ferrero: La danza de las alianzas|(...) Acuña incorporó como aliados electorales a algunos movimientos regionales y Somos Perú (Andrade). El PPC (en crisis) viene coqueteando con el Apra hace tiempo: Alan y Lourdes bailando marinera y lanzándose piropos. Parece que Lourdes irá a la vicepresidencia, podrían ser un cogobierno. Alan perdió a Kouri (Chim Pum Callao) en este juego de alianzas. Creo que el Apra y el PPC pueden complementarse bien. ¿Alcanzará?..Varios van solos. Los que tienen opción de pasar a segunda vuelta son Keiko y PPK. Keiko viene trabajando con jóvenes profesionales, nuevos en política, tratando de darle otra cara a su movimiento, pero la experiencia en política también es valiosa, la mixtura es lo ideal. PPK, tras su experiencia de alianza con Acuña, Yehude y PPC, ha preferido fortalecer su partido.|17/12/2015|1874.83|605.58|0||Alfredo Ferrero Diez-Canseco|Yehude Simon Munaro|Neutro|2015-12
Web|Perú 21|peru21.pe|Alditus was right! - Aldo Mariátegui|(...) Sigamos con las arcadas como cancha: ¿qué hace un rojo de toda la vida como Huaroc con Keiko? ¿Qué hace una roja supuestamente consecuente como Rosa Mavila aliada con Yehude “Baguazo” Simon, divisionista de la izquierda y ex aliado aprista, ppkausa y toledista, amén de preso por vínculos con el MRTA? ¿Qué hace el maoísta de Patria Roja Gregorio Santos de aliado del fonavista Andrés Alcántara después de que este maltrató así al siomista García Núñez y todo ese sector de viejos de la izquierda? ¿Qué hace Lourdes Flores al lado de Alan después de que ella, a comienzos de los 90, probara todas las acusaciones contra este por BCCI, Mirages, etc…? ¿Qué hace un jurista respetable como Marco Ibazeta de compañero de fórmula de Belmont? ¿Qué hace un religioso como el pastor Lay al lado de un tipo como Acuña? ¿Tan desesperado está Solidaridad para no ir a la baja que recurre al recién choteado ‘Nano’? ¿Reggiardo, Barnechea, Guzmán, Pancho Diez Canseco y Popy creen de verdad que tienen alguna chance? ¿De dónde ha sacado Popy ese extravagante corte de pelo medieval?|22/12/2015|1874.83||0||Aldo Mariátegui Bosse|Yehude Simon Munaro|Negativo|2015-12
Medio Impreso|Perú 21|Perú 21|Pásame tu plancha - Alfredo Ferrero|Se anunciaron 17 planchas con posibilidades de ser 19 o 20 hasta el 11 de enero que se inscriben para las elecciones 2016, algunas llegan con sorpresas y otras ya anticipadas. Keiko escogió al ex ministro de Agricultura de su padre y exitoso agroexportador, y a Vladimiro Huaroc (...) PPK va con la anticipada inclusión a la segunda vicepresidencia de Mercedes Aráoz, ex ministra aprista (...) Alan con su nueva aliada, Lourdes Flores (...) Acuña lleva a su reciente incorporación, Anel Townsend (...) Toledo acompañado por dos peruposibilistas –que no quedan muchos–, Marcial Ayaipoma y la ex ministra Carmen Omonte. (...) Frente Amplio, de Verónika Mendoza, está con el padre Arana y Alan Fairlie. (...) El partido de gobierno va con el ex ministro Urresti y su gran sorpresa, Susana Villarán. Solidaridad, que parecía no que presentaba plancha, va con Nano Guerra García que iba a lanzarse por el Partido Humanista de Yehude (...) Acción Popular intentará sorprender con Alfredo Barnechea.|24/12/2015|1405.15|164.45|0|8|Alfredo Ferrero Diez-Canseco|Yehude Simon Munaro|Neutro|2015-12
Radio|Radio San Borja|San Borja Noticias - Edición Matinal|Entrevista a la congresista Rosa Mavila (San Borja)|Entrevista. La congresista Rosa Mavila comentó la sentencia a la mujer que agredió al policía en el aeropuerto Jorge Chávez y sostuvo que “esta bien en parte”, sin embargo considera que es un poco excesiva. Señaló que los jueces deben equilibrar los “factores de ponderación. Con respecto a la decisión de la exalcaldesa Susana Villarán -de integrarse a la plancha presidencial del nacionalismo-, manifestó que desde su punto de vista ha hecho una “pésima apuesta política”, pues no tiene impresión del desgarre del oficialismo. Mavila aseveró que el ciudadano no se debe dejar llevar por el talento de palabra que tienen los candidatos. Sobre la candidata Keiko Fujimori, cuestionó qué tiene que decir de sus integrantes de plancha electoral, por su pasado vinculado a la corrupción. Se refirió también a la posición del candidato Yehude Simon y recalcó que como grupo político no buscan gobernar sin sentido, pues todos tienen la experiencia.|21/12/2015|942.67||881||Rosa Mavila León|Yehude Simon Munaro|Positivo|2015-12
Medio Impreso|Diario Uno|Diario Uno|Verónika es la opción de la izquierda|La ex regidora limeña, Marisa Glave descartó ayer que pueda hablarse en rigor de que haya dispersión de la izquierda en la campaña electoral, pues Verónika Mendoza, del Frente Amplio, es claramente la candidata del cambio, de la renovación de la política y de la izquierda en el proceso electoral en marcha. (...) Se refirió tácitamente a Susana Villarán, candidata a la vicepresidencia del nacioalista Daniel Urresti: Vladimiro Huaroc que se encuentran en las filas de Keiko Fujimori. Glave citó el caso de Urresti y subrayo que no puede ninguna manera ser considera candidato de izquierda o pregresista, pues representa a un gobierno caracterizado por la influencia decisiva del Ministerio de Economía.|27/12/2015|9637.14|585.93|0|3|Marisa Glave Remy|Yehude Simon Munaro|Neutro|2015-12
Medio Impreso|La República|La República|Perú Wars: El Despertar a la Fuerza - Marco Sifuentes|¿Ya pasaron las náuseas, Perú? ¿O todavía seguimos contemplando con estupor ese chocolateo de lealtades, ese festival de traiciones, esa radiografía del subdesarrollo también conocida como la lista de las 17 planchas de candidatos a la presidencia y vicepresidencia de nuestro país? Más allá del gravol, veamos algunas conclusiones en borrador. –Algo inédito: hasta los pitufos son parte del elenco estable. No hay (casi) pitufos desconocidos. Belmont, Yehude, Nano, Ántero, Goyo, Barnechea o Urresti son personajes que tranquilamente podrían obtener 2%. No les serviría, por supuesto, para pasar la valla del 5%. Así, la mayor amenaza para Keiko Fujimori, en la primera vuelta, no se encuentra en ninguno de los otros 16 candidatos. Estos saben que 1) no tienen forma de desplazarla y 2) les convendría más jugar a ser el mal menor ante Keiko en la segunda vuelta.|23/12/2015|2452.21|292.79|0|5|Marcos Sifuentes|Yehude Simon Munaro|Neutro|2015-12
Medio Impreso|Exitosa|Exitosa Diario|Guerra García renuncia a precandidatura presidencial|El empresario Hernando Guerra García desistió de su precandidatura presidencial por el Partido Humanista Peruano (PHP), luego de que esta agrupación decidiera, en asamblea de delegados, colocar en ese cargo a su líder Yehude Simon..|14/12/2015|2996.63|370.94|0|5|Hernando Guerra García |Yehude Simon Munaro|Negativo|2015-12
Medio Impreso|Perú 21|Perú 21|La danza de las alianzas - Alfredo Ferrero|El 12 de diciembre se cumplió el plazo para inscribir las alianzas. Se han constituido tres alianzas. (...) Acuña incorporó como aliados electorales a algunos movimientos regionales y Somos Perú (Andrade). El PPC (en crisis) viene coqueteando con el Apra hace tiempo: Alan y Lourdes bailando marinera y lanzándose piropos. (...) Varios van solos. Los que tienen opción de pasar a segunda vuelta son Keiko y PPK. (...) La izquierda deberá unificar si aspira a algo y Solidaridad Nacional va con UPP, tiene presencia política con Castañeda en Lima (30% del electorado). Urresti le va a dar calor a la campaña (...) Acción Popular (partido histórico), Renzo Reggiardo, Ántero Flores-Aráoz, Julio Guzmán, Ricardo Belmont, Yehude Simon y otros de izquierda corren riesgo de perder inscripción.|17/12/2015|1439.42|168.19|0|8|Alfredo Ferrero Diez-Canseco|Yehude Simon Munaro|Neutro|2015-12
